customer_id,first_name,last_name,email,city,state,country,created_at
1,Michael,Owens,qlambert@example.net,Powellburgh,Colorado,USA,2026-05-31 23:01:01.674108
2,Edward,Mcintyre,johnsonjill@example.org,North Michaelmouth,Illinois,USA,2026-05-31 23:01:01.674108
3,Joseph,Rice,cheryl35@example.net,Jamesfort,Missouri,USA,2026-05-31 23:01:01.674108
4,Michael,Malone,candice31@example.com,Brendanfurt,Oklahoma,USA,2026-05-31 23:01:01.674108
5,Ryan,Barker,morrispaul@example.org,Paulchester,Florida,USA,2026-05-31 23:01:01.674108
6,Evan,Best,bmckinney@example.com,Jessicaside,Michigan,USA,2026-05-31 23:01:01.674108
7,Michelle,Mclaughlin,beckmichael@example.net,North Kelly,Arizona,USA,2026-05-31 23:01:01.674108
8,Charles,Mendoza,hensleyrichard@example.net,East Michellefurt,Michigan,USA,2026-05-31 23:01:01.674108
9,Leonard,Hopkins,acevedokenneth@example.com,West Loganmouth,Tennessee,USA,2026-05-31 23:01:01.674108
10,Brian,Davenport,myersolivia@example.org,Parkermouth,Ohio,USA,2026-05-31 23:01:01.689590
11,Barbara,Bowman,smithmichael@example.com,Cruzmouth,Hawaii,USA,2026-05-31 23:01:01.689590
12,Vincent,Williams,jeffreypierce@example.net,Melaniefort,Vermont,USA,2026-05-31 23:01:01.689590
13,Brian,Obrien,james35@example.org,Herreramouth,Washington,USA,2026-05-31 23:01:01.689590
14,Joseph,Mann,johnhughes@example.com,Lake Edwin,Kansas,USA,2026-05-31 23:01:01.689590
15,Sarah,George,corey90@example.net,New Samueltown,Colorado,USA,2026-05-31 23:01:01.689590
16,Thomas,Gonzalez,ewhite@example.net,Charlesfurt,Texas,USA,2026-05-31 23:01:01.689590
17,Garrett,Palmer,bwilson@example.com,Aprilchester,New Jersey,USA,2026-05-31 23:01:01.689590
18,Leon,King,portermichael@example.com,Stephenborough,Wyoming,USA,2026-05-31 23:01:01.690594
19,Michael,Davis,taylorkenneth@example.net,Jonesshire,Wisconsin,USA,2026-05-31 23:01:01.690594
20,Paula,Love,amber48@example.com,North Melissabury,Texas,USA,2026-05-31 23:01:01.690594
21,Nicholas,Lee,robinsonbethany@example.com,Matthewton,New York,USA,2026-05-31 23:01:01.690594
22,Kimberly,Anderson,lwhitney@example.com,Peckbury,California,USA,2026-05-31 23:01:01.690594
23,Erin,Bird,wchapman@example.org,Edwardsfort,Wisconsin,USA,2026-05-31 23:01:01.690594
24,Deborah,Andrews,riggsterrence@example.org,East Steven,Colorado,USA,2026-05-31 23:01:01.690594
25,Karen,Koch,anthony06@example.org,West Timothy,Ohio,USA,2026-05-31 23:01:01.690594
26,Rhonda,Ruiz,tiffany80@example.net,South Isaiah,New York,USA,2026-05-31 23:01:01.690594
27,Joe,Benitez,pcurtis@example.org,South Jamesfurt,Ohio,USA,2026-05-31 23:01:01.690594
28,Brianna,Mcintyre,hunterchristine@example.com,Richardtown,Connecticut,USA,2026-05-31 23:01:01.690594
29,Lisa,Franco,jasonthomas@example.net,North Garrettchester,South Dakota,USA,2026-05-31 23:01:01.690594
30,Michelle,Bryant,cperez@example.com,North Lauratown,New Hampshire,USA,2026-05-31 23:01:01.690594
31,Tyler,Ayala,marylong@example.com,Whiteheadshire,Vermont,USA,2026-05-31 23:01:01.690594
32,Stephanie,Taylor,anajordan@example.com,Port Adamtown,Utah,USA,2026-05-31 23:01:01.690594
33,Renee,Jones,campbellsarah@example.net,North Alicia,North Dakota,USA,2026-05-31 23:01:01.690594
34,Laura,Henderson,awalker@example.net,Francesfurt,Idaho,USA,2026-05-31 23:01:01.690594
35,Michele,Jacobs,kjones@example.net,South Ianside,North Dakota,USA,2026-05-31 23:01:01.690594
36,Krista,Miller,michaelsimpson@example.com,Yvetteburgh,Oklahoma,USA,2026-05-31 23:01:01.690594
37,Brandon,Graham,alexisdorsey@example.org,Port Michael,Mississippi,USA,2026-05-31 23:01:01.690594
38,Nicole,Dennis,powerscatherine@example.net,Lake Pamelaview,South Carolina,USA,2026-05-31 23:01:01.690594
39,Kelly,Mills,amanda29@example.com,Simsborough,Montana,USA,2026-05-31 23:01:01.690594
40,Sandra,Moore,jimmywilson@example.com,Lake Thomasburgh,Maine,USA,2026-05-31 23:01:01.690594
41,Victoria,Jones,kellydanny@example.org,East Kevin,California,USA,2026-05-31 23:01:01.690594
42,Mallory,Chambers,tina20@example.net,South Erik,Delaware,USA,2026-05-31 23:01:01.690594
43,Anthony,Christensen,mcneiljoyce@example.com,Michaelland,Kansas,USA,2026-05-31 23:01:01.690594
44,Edward,Allen,carrie84@example.com,Port Pam,Florida,USA,2026-05-31 23:01:01.690594
45,Gregory,Kim,steelechelsea@example.org,Bishopborough,Maryland,USA,2026-05-31 23:01:01.690594
46,Katherine,Oliver,qlittle@example.net,Millerbury,Arizona,USA,2026-05-31 23:01:01.690594
47,Sandra,Lewis,gbowman@example.net,Lake Tabithaport,Missouri,USA,2026-05-31 23:01:01.690594
48,Molly,Gibbs,micheal81@example.com,East Amandabury,Tennessee,USA,2026-05-31 23:01:01.690594
49,Melissa,Mata,eric16@example.com,Sharonmouth,Maryland,USA,2026-05-31 23:01:01.690594
50,Michael,Turner,stephaniepoole@example.net,Mayoport,Oklahoma,USA,2026-05-31 23:01:01.690594
51,Kimberly,Mccoy,isilva@example.com,Markberg,Kentucky,USA,2026-05-31 23:01:01.690594
52,Jennifer,Woods,kristy96@example.com,North Taylor,Oregon,USA,2026-05-31 23:01:01.690594
53,Cole,Meyer,hhorn@example.com,South Juliemouth,Rhode Island,USA,2026-05-31 23:01:01.690594
54,Deborah,Gonzalez,patrickmoss@example.com,Alexandertown,Vermont,USA,2026-05-31 23:01:01.690594
55,Keith,Gomez,raycody@example.org,West Lauren,South Dakota,USA,2026-05-31 23:01:01.690594
56,Robert,Castro,margarettaylor@example.org,New Spencer,Minnesota,USA,2026-05-31 23:01:01.690594
57,Cynthia,Watson,breannalee@example.org,Friedmanville,South Carolina,USA,2026-05-31 23:01:01.690594
58,Walter,Patton,andrea04@example.net,Newmanton,Idaho,USA,2026-05-31 23:01:01.690594
59,Kelly,Aguilar,michael60@example.net,New Jesusmouth,Texas,USA,2026-05-31 23:01:01.690594
60,Dwayne,Bradford,teresamcclure@example.com,South Andrewfort,Indiana,USA,2026-05-31 23:01:01.690594
61,Stephanie,Crawford,gordonvictor@example.com,New Edwardbury,California,USA,2026-05-31 23:01:01.690594
62,Susan,Murphy,jstevens@example.org,East Tinaberg,Oregon,USA,2026-05-31 23:01:01.690594
63,Brian,Jones,sarah18@example.net,Lake Aprilfurt,North Carolina,USA,2026-05-31 23:01:01.690594
64,Stanley,Buchanan,omurillo@example.com,East Jennifer,North Dakota,USA,2026-05-31 23:01:01.690594
65,Jay,Padilla,maryvasquez@example.org,Nicholasberg,Mississippi,USA,2026-05-31 23:01:01.690594
66,Kyle,Harris,melvinfox@example.net,Elizabethtown,South Carolina,USA,2026-05-31 23:01:01.690594
67,Aaron,Mejia,donnasnyder@example.net,Lake Linda,Hawaii,USA,2026-05-31 23:01:01.690594
68,Kevin,Martinez,michelle93@example.net,North Kelly,Nevada,USA,2026-05-31 23:01:01.690594
69,Anna,Sosa,hjohnson@example.net,Lake Sheila,Wyoming,USA,2026-05-31 23:01:01.690594
70,Pamela,Butler,bonillajennifer@example.org,Jonathanside,Indiana,USA,2026-05-31 23:01:01.690594
71,Catherine,Chung,jonesdale@example.org,Joshuahaven,Arizona,USA,2026-05-31 23:01:01.690594
72,Tiffany,Thompson,vasquezjorge@example.com,Saramouth,Kansas,USA,2026-05-31 23:01:01.690594
73,Sarah,Cooper,mayerdeanna@example.org,Port Kyle,North Carolina,USA,2026-05-31 23:01:01.690594
74,John,Kelly,tjoyce@example.org,Annaburgh,Iowa,USA,2026-05-31 23:01:01.690594
75,Christopher,Lopez,antonioknapp@example.com,East Thomas,Kentucky,USA,2026-05-31 23:01:01.690594
76,Elizabeth,Heath,murphychristy@example.net,East Robert,Georgia,USA,2026-05-31 23:01:01.690594
77,Joseph,Allen,brendan35@example.org,West Kyleland,Georgia,USA,2026-05-31 23:01:01.690594
78,Toni,Ramos,nicholasharris@example.org,Lake Kevin,Arizona,USA,2026-05-31 23:01:01.690594
79,Mark,Robinson,kirbycaitlin@example.com,Aaronview,North Dakota,USA,2026-05-31 23:01:01.690594
80,Clayton,Baker,danielmendoza@example.net,Port Kyle,Florida,USA,2026-05-31 23:01:01.690594
81,Tiffany,Fisher,riversanna@example.org,East Matthewhaven,Florida,USA,2026-05-31 23:01:01.690594
82,Nicole,Warren,lindawells@example.org,Port Matthew,Kentucky,USA,2026-05-31 23:01:01.690594
83,Devon,Hughes,michaeltaylor@example.org,Matthewfurt,Alaska,USA,2026-05-31 23:01:01.690594
84,John,Richardson,sullivanmelissa@example.com,Figueroaton,North Carolina,USA,2026-05-31 23:01:01.690594
85,Stephen,Mooney,cchandler@example.com,Lake Lisa,Delaware,USA,2026-05-31 23:01:01.690594
86,Colin,Weeks,cassandragates@example.org,Sanchezshire,Nevada,USA,2026-05-31 23:01:01.690594
87,Francisco,Wolf,ahernandez@example.com,Hansenfurt,Illinois,USA,2026-05-31 23:01:01.690594
88,Jennifer,Fitzpatrick,denisepearson@example.com,Sharonside,Arkansas,USA,2026-05-31 23:01:01.690594
89,Maurice,Baker,thompsonmelinda@example.com,East Leonard,Mississippi,USA,2026-05-31 23:01:01.690594
90,Nicholas,Murphy,swatkins@example.com,East Alexberg,Massachusetts,USA,2026-05-31 23:01:01.690594
91,Melanie,Duke,victoriabrown@example.net,Port Danielton,Pennsylvania,USA,2026-05-31 23:01:01.690594
92,Justin,Gibson,dominiquegardner@example.net,East Gwendolyn,Delaware,USA,2026-05-31 23:01:01.690594
93,Christopher,Travis,michelle01@example.net,Wrightside,West Virginia,USA,2026-05-31 23:01:01.690594
94,Erica,Torres,mcguiresarah@example.net,New Bryanchester,Virginia,USA,2026-05-31 23:01:01.690594
95,Jasmin,Hernandez,wilsongabriel@example.com,South Michellemouth,New Hampshire,USA,2026-05-31 23:01:01.690594
96,Tiffany,Miller,nicole14@example.org,North Meredith,Colorado,USA,2026-05-31 23:01:01.690594
97,John,Yoder,ufreeman@example.org,Mcclureside,Mississippi,USA,2026-05-31 23:01:01.690594
98,Heather,Neal,hflores@example.org,North Kristin,Louisiana,USA,2026-05-31 23:01:01.690594
99,David,Hayes,hopkinskelly@example.org,East Robin,Oregon,USA,2026-05-31 23:01:01.690594
100,Jorge,Anderson,abrown@example.org,Palmerview,Tennessee,USA,2026-05-31 23:01:01.690594
101,Jennifer,White,uspencer@example.net,Gaineschester,Washington,USA,2026-05-31 23:01:01.690594
102,Misty,Gomez,tuckeraustin@example.org,Tylerberg,Nebraska,USA,2026-05-31 23:01:01.690594
103,Elizabeth,Knight,thomasbarbara@example.org,Lake Staceyton,Hawaii,USA,2026-05-31 23:01:01.690594
104,Emily,Gamble,opineda@example.org,Gabriellahaven,Wisconsin,USA,2026-05-31 23:01:01.690594
105,Diana,Jackson,whiterobert@example.com,Port Jamiechester,North Carolina,USA,2026-05-31 23:01:01.690594
106,Brianna,Davis,lgonzalez@example.com,Makaylatown,Georgia,USA,2026-05-31 23:01:01.690594
107,Christina,Pittman,floresmaurice@example.com,Lake Julie,Michigan,USA,2026-05-31 23:01:01.690594
108,Laura,Myers,cwilliams@example.com,Port Matthew,Montana,USA,2026-05-31 23:01:01.690594
109,Lindsay,Richardson,xnash@example.org,West Tyler,Minnesota,USA,2026-05-31 23:01:01.690594
110,Brian,Ford,williamscody@example.net,Lake Brandy,Minnesota,USA,2026-05-31 23:01:01.690594
111,William,Martinez,nancy50@example.org,Brownbury,Wisconsin,USA,2026-05-31 23:01:01.690594
112,Vincent,Lewis,timothy08@example.com,Jamesland,Tennessee,USA,2026-05-31 23:01:01.690594
113,Marie,Howard,xwilliams@example.com,South Robert,Georgia,USA,2026-05-31 23:01:01.690594
114,John,Tucker,kperez@example.org,Feliciamouth,North Dakota,USA,2026-05-31 23:01:01.690594
115,Jamie,Walter,stevensmith@example.com,Jadechester,Oklahoma,USA,2026-05-31 23:01:01.690594
116,Andrew,Glass,nraymond@example.net,Taylorburgh,Nevada,USA,2026-05-31 23:01:01.690594
117,Donna,Clements,travispitts@example.org,Parsonsberg,Nebraska,USA,2026-05-31 23:01:01.690594
118,Deborah,Stone,brittanytaylor@example.net,West Luisfort,Wisconsin,USA,2026-05-31 23:01:01.690594
119,Matthew,Reeves,david04@example.net,Port Matthewmouth,Ohio,USA,2026-05-31 23:01:01.690594
120,Morgan,Davis,gilesbrandon@example.net,Matthewfurt,Arkansas,USA,2026-05-31 23:01:01.690594
121,Chase,Hawkins,jennifersullivan@example.com,East Mark,Montana,USA,2026-05-31 23:01:01.690594
122,Richard,Patton,smithrita@example.org,Stevenview,Wisconsin,USA,2026-05-31 23:01:01.690594
123,Jeanette,Alexander,gilmoreruben@example.net,Drakeside,New Mexico,USA,2026-05-31 23:01:01.690594
124,Heather,Jones,brittanyrobinson@example.net,South Ryan,Arkansas,USA,2026-05-31 23:01:01.690594
125,Richard,Carter,justin18@example.com,Ruizhaven,South Dakota,USA,2026-05-31 23:01:01.690594
126,Trevor,Hunt,reneehoward@example.org,Baileychester,Rhode Island,USA,2026-05-31 23:01:01.690594
127,Christine,Hansen,dhuerta@example.com,Doylestad,North Carolina,USA,2026-05-31 23:01:01.690594
128,Stephanie,Wilson,nicoletorres@example.com,North Briannafurt,Oklahoma,USA,2026-05-31 23:01:01.690594
129,John,Hernandez,brookedavid@example.com,West Ryan,Louisiana,USA,2026-05-31 23:01:01.690594
130,Michael,Hart,theodorebaker@example.com,East Thomasbury,Tennessee,USA,2026-05-31 23:01:01.690594
131,Paul,Ingram,alexander92@example.org,Allenville,Iowa,USA,2026-05-31 23:01:01.690594
132,Tony,House,adunlap@example.com,Madisonstad,Iowa,USA,2026-05-31 23:01:01.690594
133,Kenneth,Lewis,ugonzalez@example.org,New Stephaniehaven,New Jersey,USA,2026-05-31 23:01:01.690594
134,Caitlin,Vaughan,anthonydoyle@example.com,West Monique,Maryland,USA,2026-05-31 23:01:01.690594
135,Margaret,Flores,williamlawson@example.com,Kevinbury,Tennessee,USA,2026-05-31 23:01:01.690594
136,Sandra,Cervantes,pdavis@example.com,New Kevin,Delaware,USA,2026-05-31 23:01:01.690594
137,Mary,Fletcher,egarza@example.net,East Jessica,Wyoming,USA,2026-05-31 23:01:01.690594
138,Kevin,Lynch,laura56@example.org,West Stephaniefort,Mississippi,USA,2026-05-31 23:01:01.690594
139,Brooke,Thornton,cwilliams@example.org,Loriton,Vermont,USA,2026-05-31 23:01:01.690594
140,Mark,Morales,mcdonaldfelicia@example.com,Garciastad,New Jersey,USA,2026-05-31 23:01:01.690594
141,Nathan,Brooks,robert09@example.com,Kristopherborough,Maine,USA,2026-05-31 23:01:01.690594
142,Michael,Baker,dodsonkim@example.com,Amandaburgh,North Dakota,USA,2026-05-31 23:01:01.706561
143,Sharon,Johnston,ecurtis@example.org,Davidport,Alaska,USA,2026-05-31 23:01:01.706561
144,Anita,Brown,brettjimenez@example.com,North Anitatown,Maryland,USA,2026-05-31 23:01:01.706561
145,Stephen,Dunn,alan61@example.org,Sharontown,North Dakota,USA,2026-05-31 23:01:01.706561
146,Ryan,Gomez,dhernandez@example.net,Christopherburgh,Mississippi,USA,2026-05-31 23:01:01.706561
147,Jennifer,Moreno,jbishop@example.com,Mcdanielfort,Montana,USA,2026-05-31 23:01:01.706561
148,Brandon,Perry,millererik@example.org,East Micheal,Connecticut,USA,2026-05-31 23:01:01.707202
149,Danny,Young,shelbyfaulkner@example.net,New Kyle,Connecticut,USA,2026-05-31 23:01:01.707202
150,Kathleen,Quinn,dennisjeffrey@example.net,East Katherine,New Jersey,USA,2026-05-31 23:01:01.707202
151,Timothy,Jordan,rangelemily@example.org,South Christie,Georgia,USA,2026-05-31 23:01:01.707202
152,Lisa,Garner,joshua61@example.com,South Dustin,Alabama,USA,2026-05-31 23:01:01.707202
153,Robert,Bennett,stephanierodriguez@example.org,New Cynthia,North Dakota,USA,2026-05-31 23:01:01.707202
154,Amanda,Holt,jodibyrd@example.com,Lake Jamesshire,Idaho,USA,2026-05-31 23:01:01.707202
155,Brenda,Villegas,stevenlopez@example.com,West Samantha,Illinois,USA,2026-05-31 23:01:01.707202
156,Nathan,Schroeder,andrew46@example.com,Port Kimberlyton,Hawaii,USA,2026-05-31 23:01:01.707202
157,Mathew,Miller,katieparker@example.com,North Alicia,Wyoming,USA,2026-05-31 23:01:01.708212
158,Brianna,Joyce,xsimon@example.com,Harmonshire,Ohio,USA,2026-05-31 23:01:01.708212
159,Natalie,Sullivan,mccoydaniel@example.net,Hutchinsonside,Minnesota,USA,2026-05-31 23:01:01.708212
160,Joshua,Richards,louis97@example.net,South James,Connecticut,USA,2026-05-31 23:01:01.708212
161,Andrea,Guerra,hmartinez@example.com,Lake Courtneyfort,Connecticut,USA,2026-05-31 23:01:01.708212
162,James,Harvey,thomaskenneth@example.org,New Anthonymouth,Rhode Island,USA,2026-05-31 23:01:01.708212
163,Brianna,Parsons,david95@example.org,Caseyview,Kansas,USA,2026-05-31 23:01:01.708212
164,Bryan,Rocha,linda83@example.com,Rowlandbury,New Mexico,USA,2026-05-31 23:01:01.708212
165,Katie,Rodriguez,dustin19@example.net,Hesterchester,Hawaii,USA,2026-05-31 23:01:01.708212
166,Latoya,Spencer,singram@example.org,New Kara,Louisiana,USA,2026-05-31 23:01:01.709211
167,Maria,Ball,kelly20@example.org,Port Diamondville,Michigan,USA,2026-05-31 23:01:01.709211
168,Sarah,Myers,smithcrystal@example.net,New Angela,Hawaii,USA,2026-05-31 23:01:01.709211
169,Jessica,Williamson,kathleendunn@example.net,West Joshua,Tennessee,USA,2026-05-31 23:01:01.709211
170,Stephen,Smith,zhickman@example.org,East Kenneth,Michigan,USA,2026-05-31 23:01:01.709211
171,Seth,Adams,qanderson@example.net,West Anna,Nebraska,USA,2026-05-31 23:01:01.709211
172,Pamela,Garcia,hrobinson@example.net,East Amandahaven,Missouri,USA,2026-05-31 23:01:01.709211
173,Nicholas,Hunt,robert06@example.com,Anthonyside,Utah,USA,2026-05-31 23:01:01.709211
174,Jeffrey,Walker,kellybarnes@example.org,Patriciafort,Utah,USA,2026-05-31 23:01:01.709211
175,Melinda,Fisher,robertlee@example.com,Charlottetown,Wyoming,USA,2026-05-31 23:01:01.709211
176,Ryan,Wilcox,davidmolina@example.com,Davidville,Kansas,USA,2026-05-31 23:01:01.710212
177,Philip,Daniel,cduncan@example.com,Amyhaven,Arizona,USA,2026-05-31 23:01:01.710212
178,Aaron,Dunn,brittanyhubbard@example.org,Smithport,North Dakota,USA,2026-05-31 23:01:01.710212
179,Matthew,Butler,bmckinney@example.net,North Joelland,Illinois,USA,2026-05-31 23:01:01.710212
180,Samantha,Martinez,heather32@example.net,West Aaron,South Carolina,USA,2026-05-31 23:01:01.710212
181,Jodi,Gonzalez,danmartin@example.com,Lake Calebfurt,South Dakota,USA,2026-05-31 23:01:01.710212
182,Douglas,Ellis,ellisbenjamin@example.net,South Edwintown,Michigan,USA,2026-05-31 23:01:01.710212
183,Laura,Horn,nblack@example.net,South Davidview,North Carolina,USA,2026-05-31 23:01:01.710212
184,Norma,Cervantes,sara75@example.net,Laurahaven,Arizona,USA,2026-05-31 23:01:01.710212
185,Paula,Gonzalez,aaroncontreras@example.com,New Caitlin,Idaho,USA,2026-05-31 23:01:01.711213
186,Sabrina,Reed,scoleman@example.com,Coleburgh,Alaska,USA,2026-05-31 23:01:01.711213
187,Lauren,Thompson,ozavala@example.net,Arnoldland,Montana,USA,2026-05-31 23:01:01.711213
188,James,Jimenez,browntony@example.com,Maryville,Vermont,USA,2026-05-31 23:01:01.711213
189,Michael,Rodriguez,kristendixon@example.com,New William,New York,USA,2026-05-31 23:01:01.711213
190,Diane,Zimmerman,ashleeruiz@example.net,Shannonton,New York,USA,2026-05-31 23:01:01.711213
191,Joshua,Cole,alexislee@example.com,West William,Delaware,USA,2026-05-31 23:01:01.711213
192,Joseph,Barron,moralesashley@example.org,North Patriciabury,South Dakota,USA,2026-05-31 23:01:01.711213
193,Tyler,Stevens,glendawoodard@example.com,Evansbury,Maine,USA,2026-05-31 23:01:01.711213
194,Bradley,Bailey,mmartin@example.com,Maldonadofurt,Missouri,USA,2026-05-31 23:01:01.712228
195,Kristina,Martin,pagejane@example.org,Lake Rachelfurt,West Virginia,USA,2026-05-31 23:01:01.712228
196,Deanna,Lewis,ricardobrown@example.net,Lake Michelleside,Kentucky,USA,2026-05-31 23:01:01.712228
197,Andrea,Miller,michelle66@example.net,Lake Ronald,Kentucky,USA,2026-05-31 23:01:01.712228
198,Christina,Martinez,joseph27@example.net,Jenniferport,Nebraska,USA,2026-05-31 23:01:01.712228
199,Alan,Clark,agarza@example.com,Reesefort,Ohio,USA,2026-05-31 23:01:01.712228
200,Kenneth,Johnson,vwilliams@example.com,Camachochester,New Jersey,USA,2026-05-31 23:01:01.712228
201,Brandon,Foster,charles68@example.org,Rebeccatown,Georgia,USA,2026-05-31 23:01:01.712228
202,Chad,Ellis,mwilson@example.com,Dominiquehaven,North Carolina,USA,2026-05-31 23:01:01.712228
203,James,Berry,rbarker@example.org,Jenniferland,North Dakota,USA,2026-05-31 23:01:01.712228
204,Alexis,Hodges,hreed@example.net,West Matthew,Vermont,USA,2026-05-31 23:01:01.713284
205,Melissa,Miller,soliseugene@example.org,New Eileen,Colorado,USA,2026-05-31 23:01:01.713284
206,Katherine,Howard,scottdonna@example.org,Coryburgh,Oregon,USA,2026-05-31 23:01:01.713284
207,Ian,Santiago,dstephens@example.net,Port Laurenshire,New York,USA,2026-05-31 23:01:01.713284
208,Emily,Nelson,carrollamanda@example.net,Port Brianfurt,New Jersey,USA,2026-05-31 23:01:01.713284
209,Brandy,Roberts,alexandrablair@example.net,Patriciabury,California,USA,2026-05-31 23:01:01.713284
210,Juan,Neal,samanthawood@example.net,Jeffreyshire,West Virginia,USA,2026-05-31 23:01:01.713284
211,Monica,Kelley,lewisvirginia@example.com,Lake Ericfurt,Arizona,USA,2026-05-31 23:01:01.713284
212,Kyle,Stone,vfox@example.net,Davidhaven,Colorado,USA,2026-05-31 23:01:01.713284
213,Bradley,Deleon,kylie06@example.net,Rodriguezview,Rhode Island,USA,2026-05-31 23:01:01.714304
214,Joshua,Cherry,uromero@example.org,Port Coreybury,Colorado,USA,2026-05-31 23:01:01.714304
215,Richard,Steele,stevensonsarah@example.org,South Ericaborough,Virginia,USA,2026-05-31 23:01:01.714304
216,Stephen,Chapman,schmidtkelly@example.org,Lake Jeffreyville,Connecticut,USA,2026-05-31 23:01:01.714304
217,David,Potter,evansbilly@example.org,Mullinsborough,West Virginia,USA,2026-05-31 23:01:01.714304
218,Ronald,Manning,dustin66@example.com,Russelltown,Indiana,USA,2026-05-31 23:01:01.714304
219,Daisy,Perry,cnguyen@example.com,Espinozaton,Vermont,USA,2026-05-31 23:01:01.714304
220,Raymond,Mccoy,ydavis@example.org,Smithfort,Delaware,USA,2026-05-31 23:01:01.714304
221,Jerry,Roberts,vhoward@example.com,Hodgetown,Illinois,USA,2026-05-31 23:01:01.715208
222,Melanie,Brennan,garciabrian@example.org,East Julie,Kentucky,USA,2026-05-31 23:01:01.715208
223,Alex,Kennedy,jennifermoon@example.org,Hardyton,Oklahoma,USA,2026-05-31 23:01:01.715208
224,Thomas,King,jaclynjohnson@example.net,West Tammy,Utah,USA,2026-05-31 23:01:01.715208
225,Craig,Williams,daviesjessica@example.com,West Jenniferborough,Iowa,USA,2026-05-31 23:01:01.715208
226,Melissa,Foster,xjohnson@example.org,Hansenland,North Carolina,USA,2026-05-31 23:01:01.715208
227,Veronica,Flores,whiteeric@example.com,West Miguelview,Mississippi,USA,2026-05-31 23:01:01.715208
228,Robin,Pham,woodlaura@example.com,South Amy,Tennessee,USA,2026-05-31 23:01:01.715208
229,Heather,Rodriguez,davidspencer@example.org,Toddborough,Arkansas,USA,2026-05-31 23:01:01.715208
230,Joseph,Smith,murphythomas@example.org,Tammyhaven,California,USA,2026-05-31 23:01:01.716205
231,Daniel,Henderson,jenniferdavis@example.net,Acostaland,Colorado,USA,2026-05-31 23:01:01.716205
232,Daniel,Day,rossrobin@example.net,Bryanton,Michigan,USA,2026-05-31 23:01:01.716205
233,Julie,Williams,adamsnichole@example.net,Brucehaven,West Virginia,USA,2026-05-31 23:01:01.716205
234,Melissa,Rosales,ejackson@example.com,New Jamesberg,New Jersey,USA,2026-05-31 23:01:01.716205
235,Paul,Anderson,antonio11@example.org,New Marisaborough,Kansas,USA,2026-05-31 23:01:01.716205
236,Adam,Munoz,hamptondavid@example.org,Sabrinamouth,North Carolina,USA,2026-05-31 23:01:01.716205
237,Gregory,Huang,hsanders@example.net,Port Matthew,Arizona,USA,2026-05-31 23:01:01.716205
238,Evan,Nguyen,dawn96@example.net,West Stephaniemouth,New Mexico,USA,2026-05-31 23:01:01.716205
239,Timothy,Adams,garciakylie@example.net,Garciahaven,Kansas,USA,2026-05-31 23:01:01.717205
240,Corey,Koch,mlopez@example.org,Martinezborough,New Hampshire,USA,2026-05-31 23:01:01.717205
241,Michele,Castillo,mburke@example.com,Morganfurt,Hawaii,USA,2026-05-31 23:01:01.717205
242,Ruth,Diaz,meghan74@example.com,South Racheltown,Ohio,USA,2026-05-31 23:01:01.717205
243,Taylor,Hale,rodriguezbrett@example.net,Stevenshire,Michigan,USA,2026-05-31 23:01:01.717205
244,Brandon,Harris,mclaughlinmelissa@example.com,Lake Nicholas,Nevada,USA,2026-05-31 23:01:01.717205
245,Corey,Thomas,zporter@example.org,East Richardberg,South Dakota,USA,2026-05-31 23:01:01.717205
246,Steve,Little,barbaramcconnell@example.org,South Kevinton,Indiana,USA,2026-05-31 23:01:01.717205
247,Amy,Stewart,diamondschmitt@example.com,Peterside,New Hampshire,USA,2026-05-31 23:01:01.717205
248,Eddie,Hamilton,vhinton@example.org,Samanthaville,California,USA,2026-05-31 23:01:01.717205
249,Zoe,Jones,cooleyhenry@example.com,West Elizabeth,Kansas,USA,2026-05-31 23:01:01.718212
250,Lisa,Moyer,christina04@example.com,East Tammyhaven,Maine,USA,2026-05-31 23:01:01.718212
251,Matthew,Wilson,robert23@example.org,East Nicholasburgh,Louisiana,USA,2026-05-31 23:01:01.718212
252,Lydia,Love,hooverthomas@example.org,Greenton,Kansas,USA,2026-05-31 23:01:01.718212
253,Sheila,Brooks,jacobperez@example.com,South Katherineborough,North Dakota,USA,2026-05-31 23:01:01.718212
254,Miranda,Rodriguez,berryemily@example.net,East Jonathan,Wyoming,USA,2026-05-31 23:01:01.718212
255,Kurt,Hamilton,wthomas@example.com,West Michaeltown,Utah,USA,2026-05-31 23:01:01.718212
256,John,Nelson,randall58@example.com,West Kendra,Minnesota,USA,2026-05-31 23:01:01.718212
257,Edward,Martinez,timothyperez@example.org,Lewismouth,Minnesota,USA,2026-05-31 23:01:01.718212
258,Cynthia,Vega,matthewgriffith@example.net,Kyletown,Ohio,USA,2026-05-31 23:01:01.719210
259,Deborah,Sanchez,ytrujillo@example.com,Brandistad,New Hampshire,USA,2026-05-31 23:01:01.719210
260,Edward,Mendez,claytonsantos@example.net,North Austin,Illinois,USA,2026-05-31 23:01:01.719210
261,Gilbert,Ewing,michael85@example.org,Maybury,West Virginia,USA,2026-05-31 23:01:01.719210
262,Maria,Murphy,marcus52@example.org,Port Tiffanychester,New Jersey,USA,2026-05-31 23:01:01.719210
263,Sara,Esparza,raymondwelch@example.net,Port Markfurt,Nebraska,USA,2026-05-31 23:01:01.719210
264,Kristin,Smith,efisher@example.org,North Kaylamouth,Mississippi,USA,2026-05-31 23:01:01.719210
265,Tyler,Austin,khernandez@example.com,Dorothymouth,South Dakota,USA,2026-05-31 23:01:01.719210
266,Dakota,Ferguson,jamesfleming@example.org,Trevinoside,Arizona,USA,2026-05-31 23:01:01.719210
267,April,Chavez,eric37@example.com,Ingramport,North Dakota,USA,2026-05-31 23:01:01.719210
268,Tammy,Oconnor,coxchris@example.org,Kelseyfort,Maryland,USA,2026-05-31 23:01:01.720211
269,Carolyn,Macias,nicolerich@example.org,East Brandon,Illinois,USA,2026-05-31 23:01:01.720211
270,William,Henderson,ronald17@example.org,Averychester,Delaware,USA,2026-05-31 23:01:01.720211
271,Shane,Clark,adkinsbrian@example.com,East Hayleyside,New York,USA,2026-05-31 23:01:01.720211
272,Mark,Castillo,james08@example.net,Brownchester,Rhode Island,USA,2026-05-31 23:01:01.720211
273,William,Griffin,chancock@example.org,Brittanyland,New York,USA,2026-05-31 23:01:01.720211
274,Sheena,Moore,jacobrodriguez@example.com,East Briantown,Indiana,USA,2026-05-31 23:01:01.720211
275,Meghan,Levy,brenda71@example.org,East Anthonystad,Kentucky,USA,2026-05-31 23:01:01.720211
276,April,Torres,matthewporter@example.org,Cookland,Arizona,USA,2026-05-31 23:01:01.720211
277,Jason,Duffy,hintonkelly@example.com,Port Alejandra,Minnesota,USA,2026-05-31 23:01:01.721211
278,Adam,Ferguson,qgriffin@example.com,Johnshire,Idaho,USA,2026-05-31 23:01:01.721211
279,Kevin,Cunningham,heather19@example.com,New Patriciatown,South Carolina,USA,2026-05-31 23:01:01.721211
280,Lisa,Padilla,mwilliamson@example.org,Whiteberg,Missouri,USA,2026-05-31 23:01:01.721211
281,Kevin,Jacobson,julia02@example.com,Romanmouth,Arkansas,USA,2026-05-31 23:01:01.722211
282,Christine,Welch,ashley64@example.org,Larahaven,Alaska,USA,2026-05-31 23:01:01.722211
283,Jessica,Morris,haneybrooke@example.org,East Jason,Oklahoma,USA,2026-05-31 23:01:01.722211
284,Steven,Torres,bailey65@example.net,New Jennifer,Montana,USA,2026-05-31 23:01:01.722211
285,Ian,Grant,daviesshannon@example.com,Dianeland,South Carolina,USA,2026-05-31 23:01:01.722211
286,Stephanie,Cox,joelbarnett@example.com,North Timothy,New Mexico,USA,2026-05-31 23:01:01.723213
287,Brenda,Armstrong,stephen31@example.com,West Nancy,Pennsylvania,USA,2026-05-31 23:01:01.723213
288,Adam,Kim,rbutler@example.com,Christopherfort,Arizona,USA,2026-05-31 23:01:01.723213
289,Lauren,Hale,edwardbernard@example.com,Port Samantha,Minnesota,USA,2026-05-31 23:01:01.723213
290,Shaun,Davenport,dianeharrison@example.org,Taylorview,Missouri,USA,2026-05-31 23:01:01.723213
291,Thomas,Alexander,timothygardner@example.net,North Claytonstad,Kansas,USA,2026-05-31 23:01:01.723213
292,Samuel,Marshall,unewman@example.org,Patriciaton,Minnesota,USA,2026-05-31 23:01:01.723213
293,Ashley,Kim,michaelamoore@example.net,East Darrell,South Carolina,USA,2026-05-31 23:01:01.723213
294,Theresa,Becker,longamy@example.net,Ariasborough,New Jersey,USA,2026-05-31 23:01:01.723213
295,Sabrina,Woodard,joel58@example.com,New Michelle,Florida,USA,2026-05-31 23:01:01.723213
296,David,Buck,brownwilliam@example.org,Newtonberg,Montana,USA,2026-05-31 23:01:01.724407
297,Scott,Gutierrez,chris30@example.org,New Angela,California,USA,2026-05-31 23:01:01.724407
298,Timothy,Pittman,bjimenez@example.com,New Michele,Massachusetts,USA,2026-05-31 23:01:01.724407
299,Felicia,Collins,mooremichael@example.org,North Susanport,West Virginia,USA,2026-05-31 23:01:01.724407
300,Natalie,Mcneil,montesfrancisco@example.net,Port Joshua,Ohio,USA,2026-05-31 23:01:01.724407
301,Mary,Perry,xbrown@example.net,Brownside,New York,USA,2026-05-31 23:01:01.724407
302,Gregory,Hill,tuckerjennifer@example.org,Smithchester,Oregon,USA,2026-05-31 23:01:01.724407
303,Mary,Walker,jacobschneider@example.net,Popeberg,Utah,USA,2026-05-31 23:01:01.724407
304,Kathy,Williams,popescott@example.com,East Kennethshire,Delaware,USA,2026-05-31 23:01:01.724407
305,Joel,Matthews,aprilmendoza@example.org,Thomasview,Massachusetts,USA,2026-05-31 23:01:01.725407
306,Caitlin,Fields,kathleen58@example.com,North Jason,Ohio,USA,2026-05-31 23:01:01.725407
307,Joshua,Lee,richard47@example.org,Lake Jeffery,Wisconsin,USA,2026-05-31 23:01:01.725407
308,Patricia,Rhodes,janet02@example.com,New Chadside,Indiana,USA,2026-05-31 23:01:01.725407
309,Adrienne,Mcdonald,raymond24@example.org,South Briana,West Virginia,USA,2026-05-31 23:01:01.725407
310,Shannon,Guerra,jordankimberly@example.com,Adamland,Kentucky,USA,2026-05-31 23:01:01.725407
311,Joshua,Ellis,oliverrobert@example.com,East Michaelville,Texas,USA,2026-05-31 23:01:01.725407
312,Julie,Riley,andrea06@example.org,Calderonfurt,Virginia,USA,2026-05-31 23:01:01.725407
313,Douglas,Foley,nguyenedward@example.org,Lake Curtis,Pennsylvania,USA,2026-05-31 23:01:01.725407
314,Jacob,Edwards,cochranjonathan@example.net,Port Michael,Georgia,USA,2026-05-31 23:01:01.725407
315,Kerri,Aguilar,christopherguerrero@example.org,Crystalside,Kentucky,USA,2026-05-31 23:01:01.726415
316,Gabriel,Brown,cindy56@example.com,Staffordtown,Louisiana,USA,2026-05-31 23:01:01.726415
317,Daniel,Newton,morgancooper@example.org,Brandonside,Arkansas,USA,2026-05-31 23:01:01.726415
318,Natalie,Decker,porterjoy@example.net,Ericatown,Wyoming,USA,2026-05-31 23:01:01.726415
319,Maria,Davis,hansenelizabeth@example.net,New Melissamouth,Virginia,USA,2026-05-31 23:01:01.726415
320,Debbie,Kelly,krista93@example.com,Stevensmouth,Arizona,USA,2026-05-31 23:01:01.726415
321,David,Watson,youngvictor@example.com,North Jessicaville,Massachusetts,USA,2026-05-31 23:01:01.726415
322,Brittany,Rodriguez,blakejones@example.org,Davidbury,Delaware,USA,2026-05-31 23:01:01.726415
323,Kerry,Maldonado,ricardo76@example.com,Mcbridefurt,Oklahoma,USA,2026-05-31 23:01:01.727413
324,Mark,Marshall,ipark@example.org,Lake Sarahfurt,Texas,USA,2026-05-31 23:01:01.727413
325,Karen,Taylor,oburns@example.com,Duffymouth,Maryland,USA,2026-05-31 23:01:01.727413
326,Allison,Dillon,dshaw@example.com,Alvaradofurt,Indiana,USA,2026-05-31 23:01:01.727413
327,Daniel,Roberts,heather91@example.com,Nicholsbury,Kentucky,USA,2026-05-31 23:01:01.727413
328,Timothy,Navarro,aaron80@example.org,Leeside,Pennsylvania,USA,2026-05-31 23:01:01.727413
329,Joseph,Mendez,audreyevans@example.net,New Anthonychester,Georgia,USA,2026-05-31 23:01:01.727413
330,Joshua,Simpson,karen54@example.org,Munozside,Louisiana,USA,2026-05-31 23:01:01.727413
331,Alexis,Flynn,jamesrodriguez@example.net,East Ashleyport,Mississippi,USA,2026-05-31 23:01:01.727413
332,Alejandro,Wilson,fisherjade@example.net,Port James,California,USA,2026-05-31 23:01:01.728412
333,Luke,Davis,ibaker@example.com,Jeromeburgh,Vermont,USA,2026-05-31 23:01:01.728412
334,Mary,Singh,davenportandrea@example.net,Harrisonbury,Alaska,USA,2026-05-31 23:01:01.728412
335,Danielle,Ochoa,egarcia@example.net,Lake Stephen,Utah,USA,2026-05-31 23:01:01.728412
336,Thomas,Macdonald,huynhjoseph@example.org,South Jay,Michigan,USA,2026-05-31 23:01:01.728412
337,James,Hoffman,ugreen@example.net,Petersmouth,New Jersey,USA,2026-05-31 23:01:01.728412
338,Grace,Wright,nguyenashley@example.com,South Travis,Louisiana,USA,2026-05-31 23:01:01.728412
339,Julie,Thompson,ashleywilson@example.org,Lake Michaelhaven,New Mexico,USA,2026-05-31 23:01:01.728412
340,Jeff,Williams,cynthiamorris@example.org,West Kyle,South Dakota,USA,2026-05-31 23:01:01.728412
341,Debra,Spencer,pnichols@example.org,Chavezview,Iowa,USA,2026-05-31 23:01:01.729413
342,Andrew,Barry,amandamoss@example.net,Adamport,New York,USA,2026-05-31 23:01:01.729413
343,Richard,Hensley,johnpatterson@example.net,Lake Debra,Vermont,USA,2026-05-31 23:01:01.729413
344,Ronald,Thornton,ramseyjason@example.net,South Michaelbury,Alabama,USA,2026-05-31 23:01:01.729413
345,Erika,Munoz,julia82@example.com,Timothyborough,Pennsylvania,USA,2026-05-31 23:01:01.729413
346,Brian,Wilson,martincourtney@example.net,Loriside,South Carolina,USA,2026-05-31 23:01:01.729413
347,James,Owens,williamwilkerson@example.org,Youngfort,Georgia,USA,2026-05-31 23:01:01.729413
348,Max,Roman,tammy18@example.net,South Timothy,Illinois,USA,2026-05-31 23:01:01.729413
349,Emily,Booth,jillian51@example.org,South Michaelfort,Illinois,USA,2026-05-31 23:01:01.729413
350,Zachary,Jackson,xhaas@example.net,West Andrew,Alaska,USA,2026-05-31 23:01:01.730412
351,Daniel,Smith,richard79@example.org,Kevinmouth,North Dakota,USA,2026-05-31 23:01:01.730412
352,Brenda,Garcia,paulnelson@example.org,Reneeville,Pennsylvania,USA,2026-05-31 23:01:01.730412
353,William,Hall,stacy08@example.org,Timothytown,Montana,USA,2026-05-31 23:01:01.730412
354,Ryan,Marshall,acook@example.org,South Michael,Kentucky,USA,2026-05-31 23:01:01.730412
355,Stephanie,Smith,john20@example.net,North Corystad,Iowa,USA,2026-05-31 23:01:01.730412
356,Jon,Ortiz,churchnicole@example.net,South Amanda,South Dakota,USA,2026-05-31 23:01:01.730412
357,David,Cruz,jared25@example.net,Port Jeffreyfort,Vermont,USA,2026-05-31 23:01:01.730412
358,Timothy,Harris,austin33@example.com,Coxview,Delaware,USA,2026-05-31 23:01:01.730412
359,William,Hayes,harrisjessica@example.net,East Erin,Tennessee,USA,2026-05-31 23:01:01.730412
360,Anthony,Rodriguez,gomezscott@example.org,New Jamesbury,Michigan,USA,2026-05-31 23:01:01.731412
361,George,Long,shafferaaron@example.org,Lake Jenniferchester,Utah,USA,2026-05-31 23:01:01.731412
362,Alec,Black,robinsonalexis@example.net,Holdenfurt,Montana,USA,2026-05-31 23:01:01.731412
363,Jamie,Craig,sharonchung@example.org,Scottton,New York,USA,2026-05-31 23:01:01.731412
364,Hannah,Gregory,stevensonamanda@example.org,South Anthony,Oklahoma,USA,2026-05-31 23:01:01.731412
365,Yvonne,Doyle,mark59@example.net,Port Angelicachester,Wyoming,USA,2026-05-31 23:01:01.731412
366,Caleb,Craig,wandaarnold@example.net,Lake Kristinafurt,California,USA,2026-05-31 23:01:01.731412
367,Marcus,Ayers,robert33@example.com,Richland,New York,USA,2026-05-31 23:01:01.731412
368,Jeff,Wise,brianna81@example.org,South Jenniferhaven,Louisiana,USA,2026-05-31 23:01:01.731412
369,Ashley,Solomon,kaylee24@example.org,South Samantha,Kentucky,USA,2026-05-31 23:01:01.732412
370,David,Martin,carpenteranthony@example.com,New Christophertown,Alabama,USA,2026-05-31 23:01:01.732412
371,Robert,Morrow,burgesschristopher@example.net,Abigailville,Wisconsin,USA,2026-05-31 23:01:01.732412
372,Christopher,Riley,tammytorres@example.org,Kurtmouth,Illinois,USA,2026-05-31 23:01:01.732412
373,Monique,Burgess,amy97@example.com,Robertfurt,Vermont,USA,2026-05-31 23:01:01.732412
374,Patrick,Mack,andrew93@example.com,Charleston,Alabama,USA,2026-05-31 23:01:01.732412
375,Eric,Norton,weaton@example.com,Sherrimouth,Indiana,USA,2026-05-31 23:01:01.732412
376,Sara,Martinez,plewis@example.net,North Jessicabury,Minnesota,USA,2026-05-31 23:01:01.732412
377,Dylan,Davis,katherine00@example.org,Martinezchester,Delaware,USA,2026-05-31 23:01:01.732412
378,Adam,Miranda,egarrett@example.org,Oconnorfurt,New York,USA,2026-05-31 23:01:01.733412
379,Amy,Benson,esmith@example.org,Charlesville,Massachusetts,USA,2026-05-31 23:01:01.733412
380,Francisco,Smith,rsmith@example.com,Melissaport,Illinois,USA,2026-05-31 23:01:01.733412
381,Bryan,Mckenzie,huntermedina@example.com,North Jeanbury,Colorado,USA,2026-05-31 23:01:01.733412
382,Carrie,Smith,cthomas@example.com,North Daniel,Minnesota,USA,2026-05-31 23:01:01.733412
383,Ashley,Gaines,brian32@example.net,Perryville,North Dakota,USA,2026-05-31 23:01:01.733412
384,Jason,Harmon,kelseywright@example.com,Jillbury,Vermont,USA,2026-05-31 23:01:01.733412
385,Nathaniel,Sanchez,yjackson@example.net,Meghanberg,Washington,USA,2026-05-31 23:01:01.733412
386,Christina,Moreno,wilsoncarmen@example.net,Villaville,Montana,USA,2026-05-31 23:01:01.733412
387,Robert,Whitaker,kenttaylor@example.com,Harrisport,Nevada,USA,2026-05-31 23:01:01.734412
388,Susan,Ramirez,josephwilliamson@example.com,New Kevinton,Minnesota,USA,2026-05-31 23:01:01.734412
389,Kimberly,Patel,palmerdustin@example.com,Lucasmouth,Nebraska,USA,2026-05-31 23:01:01.734412
390,Jessica,Salazar,mooremary@example.net,Garciaberg,Georgia,USA,2026-05-31 23:01:01.734412
391,Michael,Gomez,bryanjeffrey@example.net,East Stephanie,Colorado,USA,2026-05-31 23:01:01.734412
392,Aaron,Hodges,reedlance@example.net,East Sheryl,New Hampshire,USA,2026-05-31 23:01:01.734412
393,Alexander,Rogers,mccarthyrandy@example.com,Tylerton,New Mexico,USA,2026-05-31 23:01:01.734412
394,Samantha,Giles,laura81@example.com,Lake Jessica,Wyoming,USA,2026-05-31 23:01:01.734412
395,Corey,Carrillo,harrisrhonda@example.org,South Joshuaville,Colorado,USA,2026-05-31 23:01:01.734412
396,Catherine,Fisher,richardcarson@example.com,Lonnietown,Montana,USA,2026-05-31 23:01:01.735413
397,Stephen,Herrera,lopezmichael@example.net,Port Trevor,New York,USA,2026-05-31 23:01:01.735413
398,Donald,Smith,michele42@example.com,Lake Seth,Alaska,USA,2026-05-31 23:01:01.735413
399,Valerie,Edwards,allisoneric@example.com,North Lorrainemouth,Michigan,USA,2026-05-31 23:01:01.735413
400,Jessica,Clark,matthew48@example.net,North Gary,Florida,USA,2026-05-31 23:01:01.735413
401,Michael,Torres,amy98@example.net,Vincentberg,North Dakota,USA,2026-05-31 23:01:01.735413
402,Heather,Garza,ronaldjohnston@example.com,East Meagan,Montana,USA,2026-05-31 23:01:01.735413
403,Amber,Morgan,james92@example.net,New Miguelville,Nevada,USA,2026-05-31 23:01:01.735413
404,Keith,Thomas,paulford@example.com,South Darren,New Jersey,USA,2026-05-31 23:01:01.735413
405,Dustin,Wilson,sandovalamanda@example.com,Paulaburgh,New York,USA,2026-05-31 23:01:01.735413
406,Brooke,Olson,alyssa63@example.com,Robinsonside,Iowa,USA,2026-05-31 23:01:01.736466
407,Frank,Taylor,nicholsontrevor@example.net,Lake Carrieberg,North Dakota,USA,2026-05-31 23:01:01.736466
408,Alejandro,Foley,denise30@example.org,East Samuelfort,Alaska,USA,2026-05-31 23:01:01.736466
409,Patrick,Jenkins,meganthomas@example.net,Kevinton,Delaware,USA,2026-05-31 23:01:01.736466
410,Nathan,Shannon,jonherman@example.org,Josephport,Indiana,USA,2026-05-31 23:01:01.736466
411,Rhonda,Palmer,michaelperkins@example.org,Pageberg,Montana,USA,2026-05-31 23:01:01.736466
412,Harold,Ramirez,stephenssteven@example.net,Frederickchester,Kentucky,USA,2026-05-31 23:01:01.736466
413,Glen,Garcia,rollinserika@example.org,Lake John,Kentucky,USA,2026-05-31 23:01:01.736466
414,Nicole,Noble,zjacobs@example.org,North Jason,Idaho,USA,2026-05-31 23:01:01.736466
415,Joseph,Martin,fergusoncarrie@example.org,Reyesburgh,Minnesota,USA,2026-05-31 23:01:01.737466
416,Rhonda,Jackson,xjackson@example.net,East Lindsaytown,New Hampshire,USA,2026-05-31 23:01:01.737466
417,Karen,Schroeder,laurie28@example.com,Johntown,California,USA,2026-05-31 23:01:01.737466
418,Nicole,Johnson,seanschmitt@example.org,East Abigailfort,Idaho,USA,2026-05-31 23:01:01.737466
419,Elizabeth,Kennedy,dfinley@example.org,East Vickiechester,Wisconsin,USA,2026-05-31 23:01:01.737466
420,Judith,Cobb,monicawilson@example.com,South Shaneberg,South Dakota,USA,2026-05-31 23:01:01.737466
421,Kelly,Taylor,lauraglover@example.org,Ryanburgh,Rhode Island,USA,2026-05-31 23:01:01.739412
422,Elizabeth,Spencer,marshallstephanie@example.org,Ianberg,Alabama,USA,2026-05-31 23:01:01.739412
423,Tina,Reid,michael22@example.org,Woodsport,Nebraska,USA,2026-05-31 23:01:01.739962
424,Gregory,Johnston,rodriguezamy@example.net,South Loribury,Montana,USA,2026-05-31 23:01:01.739962
425,Allison,Hatfield,ramirezadam@example.net,North Jeremy,California,USA,2026-05-31 23:01:01.739962
426,Maria,Jones,susan95@example.com,Gonzalesview,Kentucky,USA,2026-05-31 23:01:01.739962
427,Debra,Lewis,justin11@example.org,South Kimberly,Utah,USA,2026-05-31 23:01:01.739962
428,Chad,Barry,michelle98@example.com,North Jenniferview,Kansas,USA,2026-05-31 23:01:01.739962
429,Jennifer,Simon,ijones@example.org,Leslieborough,Nebraska,USA,2026-05-31 23:01:01.739962
430,Carolyn,Taylor,kimchandler@example.com,Lake Meganborough,Oklahoma,USA,2026-05-31 23:01:01.739962
431,Daniel,Thornton,brightandrea@example.org,Veronicahaven,Mississippi,USA,2026-05-31 23:01:01.739962
432,Cynthia,Nichols,harrisjason@example.net,New Lauraberg,Louisiana,USA,2026-05-31 23:01:01.739962
433,John,Cruz,timothy27@example.com,Robbinsfurt,California,USA,2026-05-31 23:01:01.739962
434,Charlotte,Baker,julie75@example.com,Deborahburgh,Vermont,USA,2026-05-31 23:01:01.739962
435,Charlotte,Howard,marcus15@example.org,Joeville,Rhode Island,USA,2026-05-31 23:01:01.739962
436,Virginia,Gregory,danieldavis@example.org,Myersland,Iowa,USA,2026-05-31 23:01:01.739962
437,Rachel,Davis,kingkimberly@example.com,Saraville,Hawaii,USA,2026-05-31 23:01:01.739962
438,Vanessa,Melendez,holly24@example.net,Mcdanielton,Michigan,USA,2026-05-31 23:01:01.739962
439,Chad,Johnston,raylaura@example.com,East Brett,Kansas,USA,2026-05-31 23:01:01.739962
440,Nicole,Hunt,spencernelson@example.org,Laurafurt,Colorado,USA,2026-05-31 23:01:01.739962
441,Pam,Lopez,sandytaylor@example.com,Charlenemouth,Georgia,USA,2026-05-31 23:01:01.739962
442,Judith,Hood,wberger@example.net,Webbborough,South Dakota,USA,2026-05-31 23:01:01.739962
443,Steven,Crawford,elizabeth65@example.com,New Margaretchester,Indiana,USA,2026-05-31 23:01:01.739962
444,Tyler,Bowers,wintersbryan@example.com,East Ernest,Oregon,USA,2026-05-31 23:01:01.739962
445,Anthony,Campbell,brendan14@example.org,North Nicholasview,New Mexico,USA,2026-05-31 23:01:01.739962
446,Wesley,Lee,austinkatherine@example.net,West Rebeccaborough,Alaska,USA,2026-05-31 23:01:01.739962
447,Stephen,Tucker,ojohnson@example.com,Drewport,Vermont,USA,2026-05-31 23:01:01.739962
448,Rhonda,Villanueva,whitekatherine@example.net,South Kelly,Nebraska,USA,2026-05-31 23:01:01.739962
449,Peter,Holden,tjohnson@example.com,Brewerfort,Louisiana,USA,2026-05-31 23:01:01.739962
450,William,Coleman,daniellegarcia@example.net,Wandashire,Wyoming,USA,2026-05-31 23:01:01.739962
451,Dustin,Walker,carlos71@example.net,Vancehaven,Utah,USA,2026-05-31 23:01:01.739962
452,Katie,Park,hughesmichael@example.com,Waltersfurt,Connecticut,USA,2026-05-31 23:01:01.739962
453,Marcus,Delgado,anne71@example.com,New Tina,Iowa,USA,2026-05-31 23:01:01.739962
454,Steven,Jones,victoria21@example.net,Lake Edwardborough,Kansas,USA,2026-05-31 23:01:01.739962
455,Melanie,Reese,stevenmoody@example.net,Jonestown,Wisconsin,USA,2026-05-31 23:01:01.739962
456,Shannon,Heath,corey17@example.net,Johnside,Arizona,USA,2026-05-31 23:01:01.739962
457,Allen,Gonzalez,jeffrey48@example.org,Lake Frankburgh,North Carolina,USA,2026-05-31 23:01:01.739962
458,Christopher,Larson,juliefuller@example.net,Carpenterfurt,Washington,USA,2026-05-31 23:01:01.739962
459,Desiree,Meadows,dana15@example.org,Port Julianport,Georgia,USA,2026-05-31 23:01:01.739962
460,Kari,Watkins,stephenstasha@example.net,Katherinefurt,Connecticut,USA,2026-05-31 23:01:01.739962
461,Jonathan,Todd,charlesadams@example.com,West Kylestad,West Virginia,USA,2026-05-31 23:01:01.739962
462,Terry,Harrison,christopher32@example.org,Shannonville,Oklahoma,USA,2026-05-31 23:01:01.739962
463,Jessica,Valenzuela,jenningstanya@example.org,Chadfurt,Connecticut,USA,2026-05-31 23:01:01.739962
464,Michael,Walters,shawashley@example.net,Davisland,Iowa,USA,2026-05-31 23:01:01.739962
465,Reginald,Howard,amanda86@example.org,Port Jamesstad,Nevada,USA,2026-05-31 23:01:01.739962
466,John,Duffy,gonzalezebony@example.com,Johnsonstad,New Jersey,USA,2026-05-31 23:01:01.739962
467,Jason,Drake,buchananemily@example.org,North Madisonport,California,USA,2026-05-31 23:01:01.739962
468,Timothy,Stewart,gonzalesdawn@example.com,South Jenniferchester,Tennessee,USA,2026-05-31 23:01:01.739962
469,Ryan,Meyer,usmith@example.net,North Sharifurt,California,USA,2026-05-31 23:01:01.739962
470,Jocelyn,Taylor,balljoseph@example.org,Morrisborough,Kansas,USA,2026-05-31 23:01:01.739962
471,Ian,Frazier,vdennis@example.org,North Robertburgh,Kansas,USA,2026-05-31 23:01:01.739962
472,Brittany,Stewart,jorge07@example.net,New Tanyastad,Maine,USA,2026-05-31 23:01:01.739962
473,Shawn,King,blackjames@example.com,Johnsonton,Kentucky,USA,2026-05-31 23:01:01.739962
474,Jason,Brooks,hillcarl@example.org,West Steven,South Dakota,USA,2026-05-31 23:01:01.739962
475,Heather,Smith,simmonsantonio@example.com,Willieton,North Dakota,USA,2026-05-31 23:01:01.739962
476,Roger,Walker,bradley65@example.com,New Zacharyland,Iowa,USA,2026-05-31 23:01:01.739962
477,Karen,Padilla,marc63@example.com,South Christopherville,New York,USA,2026-05-31 23:01:01.739962
478,Janice,Rivera,melissa05@example.net,South Michael,West Virginia,USA,2026-05-31 23:01:01.739962
479,Nicole,Castaneda,xdaniels@example.org,Lake Anthony,Alaska,USA,2026-05-31 23:01:01.739962
480,Christopher,Hill,zacharytaylor@example.net,North Tamarafurt,Alabama,USA,2026-05-31 23:01:01.739962
481,Margaret,Gordon,wongdiane@example.net,South Trevorbury,California,USA,2026-05-31 23:01:01.739962
482,Jeremy,Combs,timothyhowe@example.net,Bennettfort,Mississippi,USA,2026-05-31 23:01:01.739962
483,April,Rodriguez,kathleen13@example.org,Connerborough,Nebraska,USA,2026-05-31 23:01:01.739962
484,Bonnie,Manning,randallsteve@example.net,Millermouth,Maine,USA,2026-05-31 23:01:01.739962
485,Maria,Garcia,jonesamber@example.org,New Alan,Rhode Island,USA,2026-05-31 23:01:01.739962
486,Nicholas,Leonard,truiz@example.net,Lawrencefurt,Kansas,USA,2026-05-31 23:01:01.739962
487,Darrell,Lang,greenjohn@example.com,East Eileen,Wyoming,USA,2026-05-31 23:01:01.739962
488,Sharon,Ayala,gthompson@example.com,New Jose,Alaska,USA,2026-05-31 23:01:01.739962
489,Amber,Harris,vball@example.org,South Cody,Vermont,USA,2026-05-31 23:01:01.739962
490,Kevin,Clark,wfarmer@example.com,North Jamesmouth,Colorado,USA,2026-05-31 23:01:01.739962
491,Heidi,Wallace,ramosrebecca@example.org,West John,Ohio,USA,2026-05-31 23:01:01.739962
492,Sarah,Vazquez,christinewade@example.net,Brianland,Missouri,USA,2026-05-31 23:01:01.739962
493,Jordan,Martinez,charles87@example.org,Tracystad,Utah,USA,2026-05-31 23:01:01.739962
494,Lucas,Edwards,wweiss@example.org,Fitzpatrickhaven,Arkansas,USA,2026-05-31 23:01:01.739962
495,Marcus,Martinez,dhansen@example.org,Boothburgh,Connecticut,USA,2026-05-31 23:01:01.739962
496,Ryan,Gibson,kathleen47@example.org,Port Hannah,Utah,USA,2026-05-31 23:01:01.739962
497,Laura,Barber,williamsjustin@example.net,Port Erika,Nebraska,USA,2026-05-31 23:01:01.739962
498,Phillip,Smith,cynthia18@example.org,North Robertshire,Wisconsin,USA,2026-05-31 23:01:01.739962
499,Patricia,Lopez,victorford@example.org,South Richard,Hawaii,USA,2026-05-31 23:01:01.739962
500,Erica,Lewis,tammy15@example.com,West Kiara,Hawaii,USA,2026-05-31 23:01:01.739962
501,Shelby,Cunningham,eric70@example.net,Lake Ann,Tennessee,USA,2026-05-31 23:01:01.739962
502,Rachel,Adams,carolyn13@example.com,Lake Mollymouth,New York,USA,2026-05-31 23:01:01.739962
503,Trevor,Moore,btravis@example.com,South Jamietown,Iowa,USA,2026-05-31 23:01:01.739962
504,Shawn,Schaefer,jennifer47@example.com,North Robert,California,USA,2026-05-31 23:01:01.739962
505,Caroline,Hudson,amyhopkins@example.org,Banksshire,Utah,USA,2026-05-31 23:01:01.739962
506,Amber,Fuller,jthompson@example.com,Alejandrochester,New York,USA,2026-05-31 23:01:01.739962
507,Julian,Mitchell,rrowe@example.com,New Jack,Idaho,USA,2026-05-31 23:01:01.739962
508,Jose,Gilbert,lgonzalez@example.net,Johnathantown,West Virginia,USA,2026-05-31 23:01:01.739962
509,Jillian,Jones,meyersteven@example.org,New Williamfort,Nebraska,USA,2026-05-31 23:01:01.739962
510,Samantha,Cook,deborah98@example.org,Mortonhaven,Oklahoma,USA,2026-05-31 23:01:01.739962
511,Kendra,Douglas,susanburch@example.net,Ramosburgh,New York,USA,2026-05-31 23:01:01.739962
512,Holly,Martinez,guzmanemily@example.org,North Charlesmouth,Arkansas,USA,2026-05-31 23:01:01.739962
513,Kelly,Nelson,danariley@example.net,Boyleton,Arizona,USA,2026-05-31 23:01:01.739962
514,Derrick,Turner,fernandezgary@example.com,South Isabelborough,West Virginia,USA,2026-05-31 23:01:01.739962
515,Patricia,Washington,otucker@example.net,Timothyport,New York,USA,2026-05-31 23:01:01.739962
516,Gloria,Snyder,lramirez@example.net,Holmesview,Indiana,USA,2026-05-31 23:01:01.739962
517,Amber,Weaver,lawrenceglenn@example.net,Jamesmouth,North Dakota,USA,2026-05-31 23:01:01.739962
518,Danielle,Brown,shieldsandrew@example.net,South Lynnmouth,California,USA,2026-05-31 23:01:01.739962
519,Holly,Miranda,markrodriguez@example.com,Robertshire,Oklahoma,USA,2026-05-31 23:01:01.739962
520,Jennifer,Martin,jonesmelissa@example.org,Anneshire,Kansas,USA,2026-05-31 23:01:01.739962
521,Jennifer,Kennedy,david60@example.org,Lake Stevenfurt,Tennessee,USA,2026-05-31 23:01:01.739962
522,Michael,Cooper,virginia61@example.com,Lake Jennifer,Pennsylvania,USA,2026-05-31 23:01:01.739962
523,Melissa,Carson,smithcaroline@example.net,West Peterfort,New Mexico,USA,2026-05-31 23:01:01.739962
524,Angel,Fischer,vgonzales@example.net,Lewisberg,Minnesota,USA,2026-05-31 23:01:01.739962
525,Gregory,Parker,jacquelinejones@example.net,East Angelaport,Nebraska,USA,2026-05-31 23:01:01.739962
526,Ryan,Ellis,petersonlisa@example.org,North Danieltown,Pennsylvania,USA,2026-05-31 23:01:01.739962
527,Donna,Martinez,erik44@example.org,North Shannon,Minnesota,USA,2026-05-31 23:01:01.739962
528,Valerie,Garcia,olivertyler@example.net,Sarahbury,Louisiana,USA,2026-05-31 23:01:01.739962
529,Shelby,Arnold,syoung@example.com,New Joseside,Oklahoma,USA,2026-05-31 23:01:01.739962
530,Margaret,Gordon,colemanelizabeth@example.net,West James,Washington,USA,2026-05-31 23:01:01.739962
531,Rachel,Martinez,amandamiller@example.org,Brandonchester,Missouri,USA,2026-05-31 23:01:01.739962
532,Keith,Ford,johnsanchez@example.com,Lake William,Oregon,USA,2026-05-31 23:01:01.739962
533,Aaron,Johnson,michael25@example.org,Port Elainehaven,Pennsylvania,USA,2026-05-31 23:01:01.739962
534,Samuel,Hurst,gregoryford@example.org,Kathleenmouth,Mississippi,USA,2026-05-31 23:01:01.739962
535,Jacob,Simmons,rmassey@example.com,Michaelburgh,Indiana,USA,2026-05-31 23:01:01.739962
536,Emma,Daniel,nsanchez@example.com,East Morgan,Nevada,USA,2026-05-31 23:01:01.739962
537,Hannah,Hendricks,zhill@example.net,North Elizabeth,Missouri,USA,2026-05-31 23:01:01.739962
538,Ashley,Cook,choithomas@example.net,Daniellemouth,New Mexico,USA,2026-05-31 23:01:01.739962
539,Leslie,Lewis,katherinerodriguez@example.com,Underwoodstad,Arizona,USA,2026-05-31 23:01:01.739962
540,Debbie,Schwartz,cmullen@example.net,Katherinemouth,Indiana,USA,2026-05-31 23:01:01.739962
541,Kathleen,Smith,danielle79@example.com,North Kyleport,Michigan,USA,2026-05-31 23:01:01.739962
542,Elizabeth,Curtis,lindacaldwell@example.net,Hessbury,Massachusetts,USA,2026-05-31 23:01:01.739962
543,Eric,Kirk,ystrickland@example.net,North Michelleville,Illinois,USA,2026-05-31 23:01:01.739962
544,Jessica,Hunt,amyblack@example.com,East Calvin,Kansas,USA,2026-05-31 23:01:01.739962
545,Denise,Gill,samanthacrosby@example.com,Johnnybury,Massachusetts,USA,2026-05-31 23:01:01.739962
546,David,Morris,christopherbailey@example.org,Gillespiechester,Rhode Island,USA,2026-05-31 23:01:01.739962
547,Thomas,Rush,dennisdaniel@example.org,South Tracy,Oklahoma,USA,2026-05-31 23:01:01.739962
548,Victoria,Watts,debracooper@example.net,Johnsonfort,Virginia,USA,2026-05-31 23:01:01.739962
549,Julia,Hubbard,russelltara@example.com,East Nancy,Maryland,USA,2026-05-31 23:01:01.739962
550,Monica,Smith,agomez@example.org,Wolfeport,Hawaii,USA,2026-05-31 23:01:01.739962
551,Cynthia,Guerra,qgutierrez@example.com,Johnsonton,Idaho,USA,2026-05-31 23:01:01.739962
552,Jennifer,Simmons,georgejoseph@example.org,Port Ernest,California,USA,2026-05-31 23:01:01.756144
553,Cynthia,Howard,cooperfrank@example.com,Lake Jenniferville,Colorado,USA,2026-05-31 23:01:01.756144
554,Michael,Gutierrez,justinschwartz@example.com,Masonburgh,Nebraska,USA,2026-05-31 23:01:01.756144
555,Jessica,Black,duransusan@example.com,East Brian,Kentucky,USA,2026-05-31 23:01:01.756144
556,Louis,Russo,hernandezleslie@example.com,Tylerchester,Missouri,USA,2026-05-31 23:01:01.756144
557,Gregory,Smith,gregory91@example.net,New Brianstad,New Hampshire,USA,2026-05-31 23:01:01.756144
558,Tonya,Bell,tcoleman@example.com,Douglasburgh,New Hampshire,USA,2026-05-31 23:01:01.756854
559,Evan,Hoover,karen64@example.org,New Bobview,Arkansas,USA,2026-05-31 23:01:01.756854
560,Rachel,Hunter,hjordan@example.com,Joshuaville,Louisiana,USA,2026-05-31 23:01:01.756854
561,David,Lopez,kathrynfarmer@example.net,Cunninghamchester,Connecticut,USA,2026-05-31 23:01:01.757172
562,Austin,Fuller,martinhernandez@example.org,North Allen,South Dakota,USA,2026-05-31 23:01:01.757172
563,Jennifer,Barker,jamie31@example.com,West Davidtown,Kentucky,USA,2026-05-31 23:01:01.757172
564,James,Coffey,ghawkins@example.org,Kimberlymouth,Oklahoma,USA,2026-05-31 23:01:01.757172
565,Jennifer,Johnston,freemannathan@example.org,North Danielbury,Louisiana,USA,2026-05-31 23:01:01.757172
566,Robert,Jimenez,bakerkelly@example.org,Jessicamouth,Arkansas,USA,2026-05-31 23:01:01.757172
567,Karen,Brown,davenportphillip@example.net,Lawrenceside,Minnesota,USA,2026-05-31 23:01:01.757172
568,Raymond,Taylor,tracymccormick@example.net,Port Brittany,Oregon,USA,2026-05-31 23:01:01.757172
569,Melissa,Thomas,eric37@example.org,Port Michelle,Virginia,USA,2026-05-31 23:01:01.757172
570,Christopher,Stewart,martinezcheryl@example.net,Tammyview,New Hampshire,USA,2026-05-31 23:01:01.757172
571,Elizabeth,Mcclure,stephanie45@example.org,New Linda,Wyoming,USA,2026-05-31 23:01:01.757172
572,Mike,Garner,david70@example.org,Heatherhaven,Maryland,USA,2026-05-31 23:01:01.757172
573,Steven,Miller,danielle08@example.com,Youngmouth,Michigan,USA,2026-05-31 23:01:01.757172
574,Cheryl,Estes,rosalessara@example.net,South Todd,Connecticut,USA,2026-05-31 23:01:01.757172
575,Hannah,Brown,robertfriedman@example.org,South Jesseview,Minnesota,USA,2026-05-31 23:01:01.757172
576,John,Torres,hharrison@example.com,East Aaron,New York,USA,2026-05-31 23:01:01.757172
577,Anthony,Davis,raymondrobert@example.net,Zacharychester,Virginia,USA,2026-05-31 23:01:01.757172
578,Kayla,Sutton,jasoncantu@example.com,East Jamesborough,Indiana,USA,2026-05-31 23:01:01.757172
579,Mitchell,Martin,jeremiah05@example.net,Lake Samanthaberg,South Carolina,USA,2026-05-31 23:01:01.757172
580,Andrew,Ayala,millerrachel@example.com,Monicaview,Rhode Island,USA,2026-05-31 23:01:01.757172
581,Kelsey,Green,gonzalezmonique@example.com,North Patrick,Mississippi,USA,2026-05-31 23:01:01.757172
582,Nicholas,Haynes,brandon43@example.net,Lake Kylemouth,Illinois,USA,2026-05-31 23:01:01.757172
583,William,Cantu,john99@example.net,Yoderhaven,Washington,USA,2026-05-31 23:01:01.757172
584,Darryl,Lawson,samanthajackson@example.net,West Vernonborough,West Virginia,USA,2026-05-31 23:01:01.757172
585,Jessica,Kelly,mandy40@example.org,New Sandrashire,Montana,USA,2026-05-31 23:01:01.757172
586,Madison,Simmons,melinda45@example.net,Lake Nicoleland,North Carolina,USA,2026-05-31 23:01:01.757172
587,John,Rivera,stephanie27@example.org,South Allisonfort,Florida,USA,2026-05-31 23:01:01.757172
588,Sheila,Scott,gwilliams@example.net,North Angelaville,Rhode Island,USA,2026-05-31 23:01:01.757172
589,Frank,Keller,antonioyates@example.com,Lake Clarenceton,Tennessee,USA,2026-05-31 23:01:01.757172
590,Laura,Perry,aevans@example.com,North Michaelhaven,Mississippi,USA,2026-05-31 23:01:01.757172
591,Austin,Wilson,tina51@example.org,Melissafort,Wisconsin,USA,2026-05-31 23:01:01.757172
592,Anthony,Nelson,elizabeth67@example.org,Sanderston,Maine,USA,2026-05-31 23:01:01.757172
593,Angela,Thompson,samanthadiaz@example.com,New Michelleport,South Dakota,USA,2026-05-31 23:01:01.757172
594,Raymond,Davis,denisecastillo@example.com,West Jessicaside,Arizona,USA,2026-05-31 23:01:01.757172
595,Larry,Logan,holmesjohn@example.org,New Pamela,Oklahoma,USA,2026-05-31 23:01:01.757172
596,Nicholas,Roberts,michaelrobinson@example.net,Leeberg,Minnesota,USA,2026-05-31 23:01:01.757172
597,Kelly,Walls,rebeccanewman@example.com,Blankenshipmouth,Alaska,USA,2026-05-31 23:01:01.757172
598,Christopher,Wilson,ashleyhester@example.com,Lake Jacobton,Florida,USA,2026-05-31 23:01:01.757172
599,Stacey,Bartlett,cathygardner@example.net,Gonzalezton,Kentucky,USA,2026-05-31 23:01:01.757172
600,Ellen,Morgan,amanda80@example.com,South Barryport,Washington,USA,2026-05-31 23:01:01.757172
601,Robin,Martin,jessicasmith@example.org,Kingport,Vermont,USA,2026-05-31 23:01:01.757172
602,Robert,Bass,kennethnelson@example.net,Smithberg,Louisiana,USA,2026-05-31 23:01:01.757172
603,Daniel,Robertson,natalie77@example.com,West Jamesburgh,Tennessee,USA,2026-05-31 23:01:01.757172
604,Maria,Brown,marylowery@example.org,Torresfort,Alabama,USA,2026-05-31 23:01:01.757172
605,Juan,Brown,ebuchanan@example.com,West Carlshire,Iowa,USA,2026-05-31 23:01:01.757172
606,Robert,Romero,adamsjason@example.net,New Robertland,Florida,USA,2026-05-31 23:01:01.757172
607,Linda,Anderson,fpalmer@example.org,South Melissaton,Louisiana,USA,2026-05-31 23:01:01.757172
608,Emily,Gardner,spencerjennifer@example.net,Port Dawn,Washington,USA,2026-05-31 23:01:01.757172
609,Ashley,Flowers,linda43@example.org,West Rachelfurt,Pennsylvania,USA,2026-05-31 23:01:01.757172
610,Kathy,Schultz,dthompson@example.com,Ryanland,Maryland,USA,2026-05-31 23:01:01.757172
611,Laura,Garcia,sandovalshannon@example.com,South Larrystad,Indiana,USA,2026-05-31 23:01:01.757172
612,Dustin,Davis,woodwardtimothy@example.org,Arthurfort,Rhode Island,USA,2026-05-31 23:01:01.757172
613,Andrea,Davis,virginiataylor@example.com,Larsonchester,Louisiana,USA,2026-05-31 23:01:01.757172
614,Phillip,Smith,carrdavid@example.org,West Jean,Arizona,USA,2026-05-31 23:01:01.757172
615,Kendra,Cole,breanna62@example.net,Pereztown,Oregon,USA,2026-05-31 23:01:01.757172
616,Jessica,Hoffman,joshua35@example.com,Christinetown,Alabama,USA,2026-05-31 23:01:01.757172
617,Joshua,Daniels,vjohnson@example.org,Erinstad,Kentucky,USA,2026-05-31 23:01:01.757172
618,Francis,Lin,travischristopher@example.net,Chenport,Mississippi,USA,2026-05-31 23:01:01.757172
619,Elizabeth,Smith,matthew21@example.com,West Matthew,South Dakota,USA,2026-05-31 23:01:01.757172
620,Denise,Mcdowell,xblackburn@example.com,West Josechester,Hawaii,USA,2026-05-31 23:01:01.757172
621,Kimberly,Velasquez,anita66@example.net,Campbelltown,Montana,USA,2026-05-31 23:01:01.757172
622,Maria,Allen,zward@example.org,Christopherport,Pennsylvania,USA,2026-05-31 23:01:01.757172
623,Marcus,Rivera,amanda14@example.com,Savageberg,Alabama,USA,2026-05-31 23:01:01.757172
624,Laura,Kirk,powellshawn@example.net,Timothytown,Ohio,USA,2026-05-31 23:01:01.757172
625,Bailey,Wilson,deborah76@example.org,Joshuaside,Rhode Island,USA,2026-05-31 23:01:01.757172
626,Adrian,Briggs,rogergarcia@example.net,North Jeffery,Vermont,USA,2026-05-31 23:01:01.757172
627,Ashley,Reynolds,sarah19@example.com,Fullershire,Maryland,USA,2026-05-31 23:01:01.757172
628,Daniel,Jones,jonesjennifer@example.net,North Sarahaven,Connecticut,USA,2026-05-31 23:01:01.757172
629,Ashley,Moore,whiterichard@example.com,Vanessaberg,Arkansas,USA,2026-05-31 23:01:01.757172
630,Steven,Stevens,michael95@example.com,New Gregory,Washington,USA,2026-05-31 23:01:01.757172
631,Destiny,Flores,kcoleman@example.net,Ayerston,Kentucky,USA,2026-05-31 23:01:01.757172
632,John,Davidson,ucooper@example.com,Port Nataliemouth,Florida,USA,2026-05-31 23:01:01.757172
633,Martin,Ruiz,evelynmartin@example.com,Brownside,Colorado,USA,2026-05-31 23:01:01.757172
634,Mary,Luna,sheryl97@example.com,North Whitneyside,Tennessee,USA,2026-05-31 23:01:01.757172
635,Stephen,Gonzalez,aanderson@example.org,North Danielle,Missouri,USA,2026-05-31 23:01:01.757172
636,Kurt,Gonzales,qwhitehead@example.com,Lake Ashleymouth,West Virginia,USA,2026-05-31 23:01:01.757172
637,Rachel,Macdonald,brandy68@example.com,West Larryville,Kentucky,USA,2026-05-31 23:01:01.757172
638,Alan,Foster,sburns@example.org,Amberchester,Colorado,USA,2026-05-31 23:01:01.757172
639,Paul,Caldwell,ssmith@example.net,New Allison,Montana,USA,2026-05-31 23:01:01.757172
640,Maria,Moss,benjaminortiz@example.com,South Jessicahaven,Nevada,USA,2026-05-31 23:01:01.757172
641,Stephanie,Blankenship,johnsonallison@example.org,Hamptonbury,Oregon,USA,2026-05-31 23:01:01.757172
642,Cassandra,Bell,ncummings@example.net,Nguyenland,Arizona,USA,2026-05-31 23:01:01.757172
643,Kristina,Porter,zcarter@example.com,Port Mark,Georgia,USA,2026-05-31 23:01:01.757172
644,Mariah,Sanchez,johnmoore@example.net,Beniteztown,Mississippi,USA,2026-05-31 23:01:01.757172
645,Susan,Johnson,deborahcervantes@example.org,West Sheilamouth,Texas,USA,2026-05-31 23:01:01.757172
646,Malik,Barrett,ryan83@example.com,Powerston,Massachusetts,USA,2026-05-31 23:01:01.757172
647,Ralph,Hunt,laurenprice@example.org,East Barryfurt,Oklahoma,USA,2026-05-31 23:01:01.757172
648,Gregory,Daniel,pachecohector@example.com,East Paulport,Delaware,USA,2026-05-31 23:01:01.757172
649,Jenna,Castillo,pmorgan@example.org,South Hannah,Maryland,USA,2026-05-31 23:01:01.757172
650,Tracy,Guerra,jwilliams@example.net,West Christopherport,Nevada,USA,2026-05-31 23:01:01.757172
651,Michelle,Clark,janet05@example.org,Meghanton,Alaska,USA,2026-05-31 23:01:01.757172
652,Mark,Harper,benjaminlawson@example.com,Lisahaven,Montana,USA,2026-05-31 23:01:01.757172
653,Gwendolyn,Ortega,hansenlorraine@example.net,Timothytown,Rhode Island,USA,2026-05-31 23:01:01.757172
654,Rebecca,Schmidt,courtneysnyder@example.org,Davisbury,Nevada,USA,2026-05-31 23:01:01.757172
655,Taylor,Miller,morganapril@example.com,Hollyberg,Nevada,USA,2026-05-31 23:01:01.757172
656,Paul,Martinez,bruiz@example.org,Margaretmouth,Iowa,USA,2026-05-31 23:01:01.757172
657,Gregory,Clark,seanwilson@example.com,New Kevin,Colorado,USA,2026-05-31 23:01:01.757172
658,Amber,Caldwell,jwatson@example.org,Fryville,South Dakota,USA,2026-05-31 23:01:01.757172
659,Jessica,Jenkins,joecook@example.org,Burnsburgh,New Mexico,USA,2026-05-31 23:01:01.757172
660,Marie,Davidson,wongdebra@example.com,South Connieland,Illinois,USA,2026-05-31 23:01:01.757172
661,Ryan,Warren,theresafoster@example.org,Port Christinefurt,Arizona,USA,2026-05-31 23:01:01.757172
662,Julian,Stark,hillbarry@example.com,Wellsberg,Oklahoma,USA,2026-05-31 23:01:01.757172
663,Peggy,Moses,herreracathy@example.org,Lake James,Maine,USA,2026-05-31 23:01:01.757172
664,April,Armstrong,christopherrosales@example.net,Leeberg,Connecticut,USA,2026-05-31 23:01:01.757172
665,Janet,Lloyd,joseph30@example.org,Port Claire,New York,USA,2026-05-31 23:01:01.757172
666,Nicole,Spence,courtney45@example.net,West Loretta,Nebraska,USA,2026-05-31 23:01:01.757172
667,David,Miller,jenniferwarner@example.org,Murphyhaven,Arkansas,USA,2026-05-31 23:01:01.757172
668,Jonathan,Moran,jerry82@example.com,Port Samantha,Oklahoma,USA,2026-05-31 23:01:01.757172
669,Debbie,Strickland,emaddox@example.com,New Alexischester,Florida,USA,2026-05-31 23:01:01.757172
670,Jeremy,Jones,sarahhawkins@example.net,South Wendyfurt,Georgia,USA,2026-05-31 23:01:01.757172
671,Mario,Moss,ronald23@example.org,Harperview,Connecticut,USA,2026-05-31 23:01:01.757172
672,Kimberly,Gonzalez,qbutler@example.net,Jillianburgh,Hawaii,USA,2026-05-31 23:01:01.757172
673,Christopher,Bryant,rwilliams@example.net,East Debrahaven,Alabama,USA,2026-05-31 23:01:01.757172
674,Natasha,Jackson,dominique20@example.com,Port Sydney,Tennessee,USA,2026-05-31 23:01:01.757172
675,Diana,Brown,harrelljeffrey@example.org,Millerfurt,New Mexico,USA,2026-05-31 23:01:01.757172
676,John,Holmes,sandrathompson@example.org,Gutierrezview,Illinois,USA,2026-05-31 23:01:01.757172
677,Justin,Griffith,angelashelton@example.org,Jacobfort,Arkansas,USA,2026-05-31 23:01:01.757172
678,David,Lowe,hsmith@example.net,East Sandra,Pennsylvania,USA,2026-05-31 23:01:01.757172
679,Glenn,Walker,nroberts@example.com,Harrisport,Montana,USA,2026-05-31 23:01:01.757172
680,James,Lynn,bdickerson@example.com,South Scottfort,Kentucky,USA,2026-05-31 23:01:01.757172
681,Ann,Lang,mark31@example.net,Port James,Oklahoma,USA,2026-05-31 23:01:01.757172
682,Abigail,Little,alison79@example.org,New Williamton,Alabama,USA,2026-05-31 23:01:01.757172
683,Melanie,Knapp,shanemills@example.com,East Brian,New Hampshire,USA,2026-05-31 23:01:01.757172
684,Alyssa,Fisher,snguyen@example.net,South Frankberg,Maine,USA,2026-05-31 23:01:01.757172
685,Kimberly,Matthews,bschultz@example.com,Brookefort,New Mexico,USA,2026-05-31 23:01:01.757172
686,Danny,Miller,cookstephanie@example.org,South Amandafurt,Tennessee,USA,2026-05-31 23:01:01.757172
687,Susan,Ramsey,johnsonkathryn@example.net,Gabriellemouth,Kentucky,USA,2026-05-31 23:01:01.757172
688,Natalie,Boone,xball@example.org,East Angel,Colorado,USA,2026-05-31 23:01:01.757172
689,Joseph,Robinson,staceyshaw@example.org,Edwardston,Indiana,USA,2026-05-31 23:01:01.772745
690,Anthony,Mendoza,cynthia47@example.com,South Frank,North Dakota,USA,2026-05-31 23:01:01.772745
691,Lori,Benjamin,hardinsteven@example.net,West Tyler,Florida,USA,2026-05-31 23:01:01.772745
692,Jodi,Harris,owensmallory@example.com,North Rhonda,Minnesota,USA,2026-05-31 23:01:01.772745
693,Alicia,Tate,morrismatthew@example.org,Alexandriafort,Louisiana,USA,2026-05-31 23:01:01.773296
694,Zachary,Howard,marvingonzalez@example.net,Port Justinside,Pennsylvania,USA,2026-05-31 23:01:01.773296
695,Jake,Lee,hinesmegan@example.com,Michaeltown,Delaware,USA,2026-05-31 23:01:01.773296
696,Jason,Krause,boydtina@example.com,West Kellybury,Hawaii,USA,2026-05-31 23:01:01.773296
697,Teresa,Elliott,sanchezjames@example.org,Juanfurt,Wyoming,USA,2026-05-31 23:01:01.773296
698,Shannon,Douglas,lindsay69@example.com,East Karaland,Wyoming,USA,2026-05-31 23:01:01.773296
699,Breanna,Newton,wthomas@example.com,Rogersmouth,Kentucky,USA,2026-05-31 23:01:01.773296
700,Emma,Lin,beckchristopher@example.com,North Duane,Utah,USA,2026-05-31 23:01:01.773296
701,Stephanie,Wheeler,fharris@example.com,Grahamfort,Idaho,USA,2026-05-31 23:01:01.773296
702,Sandra,Webb,paula62@example.net,Haileyville,Georgia,USA,2026-05-31 23:01:01.774368
703,Maria,Reyes,michelle28@example.org,North Juliefort,Illinois,USA,2026-05-31 23:01:01.774368
704,Gary,Daniels,fshepard@example.org,East Jeremy,Nevada,USA,2026-05-31 23:01:01.774368
705,Corey,Coleman,robertnewman@example.org,East Jennifer,New York,USA,2026-05-31 23:01:01.774368
706,Kimberly,Lewis,shane61@example.net,Sanchezville,South Carolina,USA,2026-05-31 23:01:01.774368
707,Andrew,Holland,joshuasanchez@example.org,Maymouth,Alaska,USA,2026-05-31 23:01:01.774368
708,David,Daugherty,benjamin95@example.com,North Johnport,North Dakota,USA,2026-05-31 23:01:01.774368
709,Tara,Smith,christinahunter@example.com,South Anna,New Hampshire,USA,2026-05-31 23:01:01.774368
710,Tyler,Maynard,jonathanhaas@example.net,East Tyler,Texas,USA,2026-05-31 23:01:01.774368
711,Richard,Nichols,garrettdiana@example.org,Port Peter,Connecticut,USA,2026-05-31 23:01:01.775364
712,Kimberly,Bennett,pboyd@example.com,Loristad,Georgia,USA,2026-05-31 23:01:01.775364
713,Douglas,Newton,gary33@example.org,Lake Michaelview,Idaho,USA,2026-05-31 23:01:01.775364
714,Nicole,Thompson,reidstacie@example.net,West Lindseyport,Oklahoma,USA,2026-05-31 23:01:01.775364
715,Virginia,Smith,joseph98@example.com,Port Gabriel,Wisconsin,USA,2026-05-31 23:01:01.775364
716,Barbara,Davis,ebrown@example.org,Torresview,Kansas,USA,2026-05-31 23:01:01.775364
717,Paul,Krueger,nathanadams@example.com,New Jacobberg,Missouri,USA,2026-05-31 23:01:01.775364
718,Daniel,Andrews,traceyyang@example.com,Port Christy,Tennessee,USA,2026-05-31 23:01:01.775364
719,Richard,Palmer,zgomez@example.org,Waltersville,Georgia,USA,2026-05-31 23:01:01.775364
720,Jeffery,Carpenter,amandaburton@example.com,Coleborough,Nebraska,USA,2026-05-31 23:01:01.775364
721,Tiffany,Stewart,emilyjones@example.net,Jasonbury,Ohio,USA,2026-05-31 23:01:01.776364
722,Crystal,Wilcox,natkins@example.org,Nicholaston,Oklahoma,USA,2026-05-31 23:01:01.776364
723,Jay,Howard,foxkenneth@example.com,New Nicole,Oregon,USA,2026-05-31 23:01:01.776364
724,Bryan,Chaney,jenniferfleming@example.net,Chaseburgh,Hawaii,USA,2026-05-31 23:01:01.776364
725,Daniel,Marshall,amandamyers@example.org,Port Angelafurt,New Jersey,USA,2026-05-31 23:01:01.776364
726,Victor,Bates,careyshane@example.net,Seanmouth,Iowa,USA,2026-05-31 23:01:01.776364
727,Tanner,Bell,colemyers@example.net,New Tara,Maine,USA,2026-05-31 23:01:01.776364
728,Christy,Coleman,brandonpeterson@example.org,New Scottborough,Wisconsin,USA,2026-05-31 23:01:01.776364
729,James,Serrano,davisangela@example.org,North Melissa,Oklahoma,USA,2026-05-31 23:01:01.777364
730,Jeffery,French,sherrihaynes@example.net,East Brandonburgh,Wyoming,USA,2026-05-31 23:01:01.777364
731,Jacob,Butler,petersonharold@example.com,West Jennatown,California,USA,2026-05-31 23:01:01.777364
732,Patricia,Jones,cynthiapeterson@example.org,New Natashafort,Alaska,USA,2026-05-31 23:01:01.777364
733,Danielle,Malone,andrewboyd@example.org,Holtberg,Virginia,USA,2026-05-31 23:01:01.777364
734,Matthew,Jones,xhernandez@example.net,South Sarahhaven,New Hampshire,USA,2026-05-31 23:01:01.777364
735,Katherine,Nelson,charlenetaylor@example.com,Davidfort,Wyoming,USA,2026-05-31 23:01:01.777364
736,Sharon,Day,robertsonmichele@example.com,Neilbury,Delaware,USA,2026-05-31 23:01:01.777364
737,Paul,Le,rachel41@example.com,Leestad,Ohio,USA,2026-05-31 23:01:01.777364
738,Wesley,Jones,rodriguezchristopher@example.net,West Ryanborough,Nebraska,USA,2026-05-31 23:01:01.778364
739,Brenda,Willis,scottmaxwell@example.org,East Sherylshire,Pennsylvania,USA,2026-05-31 23:01:01.778364
740,Carolyn,Drake,owensbrian@example.com,Wilsontown,Wyoming,USA,2026-05-31 23:01:01.778364
741,Michael,Schwartz,craig20@example.com,Lake Shannontown,Florida,USA,2026-05-31 23:01:01.778364
742,Brittany,Kelly,alyssa83@example.com,Tylermouth,Vermont,USA,2026-05-31 23:01:01.778364
743,David,Martinez,loweemily@example.org,East Kevin,Colorado,USA,2026-05-31 23:01:01.778364
744,Sheri,Blair,matthewclark@example.com,Lake Arielport,Virginia,USA,2026-05-31 23:01:01.778364
745,Jennifer,Ortiz,jtrujillo@example.net,Jonesmouth,New Mexico,USA,2026-05-31 23:01:01.778364
746,Allison,Thomas,johnsondebbie@example.com,New Nicolemouth,Alaska,USA,2026-05-31 23:01:01.778364
747,Caitlin,Gilbert,joankennedy@example.org,Rodneyshire,Connecticut,USA,2026-05-31 23:01:01.779364
748,Cassandra,Turner,elizabethmurphy@example.net,New Benjamin,Hawaii,USA,2026-05-31 23:01:01.779364
749,Chad,Garcia,sarahjones@example.org,Sheenaland,Hawaii,USA,2026-05-31 23:01:01.779364
750,Billy,Frazier,fieldspatricia@example.net,Gabrielland,Wyoming,USA,2026-05-31 23:01:01.779364
751,Ashley,Harvey,jennifer26@example.com,South Derek,Colorado,USA,2026-05-31 23:01:01.779364
752,Christie,Reynolds,deborah10@example.com,West Trevortown,Oklahoma,USA,2026-05-31 23:01:01.779364
753,John,Hernandez,ysalazar@example.org,Adamview,Alaska,USA,2026-05-31 23:01:01.779364
754,Andrew,Jones,hlawson@example.com,Lake Christinafort,Utah,USA,2026-05-31 23:01:01.779364
755,Lori,Gonzales,brittanyvaldez@example.org,Christopherton,Missouri,USA,2026-05-31 23:01:01.779364
756,Robert,Love,danielrangel@example.org,South Robinchester,Washington,USA,2026-05-31 23:01:01.780364
757,Summer,Harris,btaylor@example.org,Jimmyborough,Pennsylvania,USA,2026-05-31 23:01:01.780364
758,Joshua,Nichols,mcdowelljeffery@example.org,Troyville,Maine,USA,2026-05-31 23:01:01.780364
759,Carl,Gray,mike63@example.org,Ericamouth,Wisconsin,USA,2026-05-31 23:01:01.780364
760,Christopher,Rodriguez,shannon86@example.com,Rayfurt,New Mexico,USA,2026-05-31 23:01:01.780364
761,Eric,Johnson,atkinsevan@example.com,Ellismouth,South Carolina,USA,2026-05-31 23:01:01.780364
762,Gregory,Lopez,elliscalvin@example.com,Justinton,Florida,USA,2026-05-31 23:01:01.780364
763,John,Levy,veronicaalexander@example.net,North Jennifer,Utah,USA,2026-05-31 23:01:01.780364
764,Holly,Anderson,richard07@example.org,New Katherinechester,Illinois,USA,2026-05-31 23:01:01.780364
765,Roy,Smith,john12@example.com,Scottmouth,California,USA,2026-05-31 23:01:01.780364
766,William,Castaneda,michelle94@example.net,New Phillipfurt,Kansas,USA,2026-05-31 23:01:01.781433
767,Albert,Campbell,donna78@example.net,East Paul,Georgia,USA,2026-05-31 23:01:01.781433
768,Tracey,Chapman,jpacheco@example.org,Stephanieberg,Massachusetts,USA,2026-05-31 23:01:01.781433
769,Paige,Soto,ncollins@example.org,Rogersburgh,Arizona,USA,2026-05-31 23:01:01.781433
770,Elizabeth,Owens,ybryant@example.com,North Jenniferstad,Texas,USA,2026-05-31 23:01:01.781433
771,Jennifer,Guerrero,stewartmaria@example.org,Jonburgh,Iowa,USA,2026-05-31 23:01:01.781433
772,Kristine,Frost,andrewsims@example.net,Hernandezfurt,Kentucky,USA,2026-05-31 23:01:01.781433
773,Julie,Gordon,jessica09@example.org,Lake Gabriellechester,Colorado,USA,2026-05-31 23:01:01.781433
774,Albert,Pratt,williamskatie@example.org,Martinezmouth,California,USA,2026-05-31 23:01:01.781433
775,Denise,Parker,crawfordtina@example.com,Richardsonton,Connecticut,USA,2026-05-31 23:01:01.782429
776,Tammy,Hawkins,nicole70@example.net,Martinbury,Georgia,USA,2026-05-31 23:01:01.782429
777,Joseph,Harrington,smithaustin@example.org,North Paula,Kentucky,USA,2026-05-31 23:01:01.782429
778,Christopher,Kelley,jcastro@example.org,South Cathyfort,Oklahoma,USA,2026-05-31 23:01:01.782429
779,Kelsey,Wilson,dannyroth@example.org,Stephanieview,Washington,USA,2026-05-31 23:01:01.782429
780,Ryan,Gross,fuentescarol@example.com,Bennettfurt,Louisiana,USA,2026-05-31 23:01:01.782429
781,Thomas,Wallace,angela75@example.org,Toddfort,Tennessee,USA,2026-05-31 23:01:01.782429
782,Sarah,Duran,randall30@example.com,North Judith,Georgia,USA,2026-05-31 23:01:01.782429
783,Christina,Martinez,sean45@example.com,West Carl,Pennsylvania,USA,2026-05-31 23:01:01.782429
784,Zachary,Reyes,karenrivera@example.com,Lake Karastad,Alabama,USA,2026-05-31 23:01:01.782429
785,Rodney,Guzman,stuartmichael@example.com,West Benjamintown,California,USA,2026-05-31 23:01:01.783420
786,Brett,Barber,thernandez@example.net,East Richardview,Kentucky,USA,2026-05-31 23:01:01.783420
787,Danielle,Johnson,davidblack@example.org,New Karen,South Dakota,USA,2026-05-31 23:01:01.783420
788,Lori,Brown,tharris@example.net,Elizabethburgh,Oklahoma,USA,2026-05-31 23:01:01.783420
789,Elizabeth,Berger,justin56@example.net,Caitlinland,Arizona,USA,2026-05-31 23:01:01.783420
790,Jason,Parker,sancheztimothy@example.org,Deborahshire,Vermont,USA,2026-05-31 23:01:01.783420
791,Valerie,Hoover,jerry87@example.org,Robertsonland,Wisconsin,USA,2026-05-31 23:01:01.783420
792,Brandon,Lopez,austin67@example.com,East Williamburgh,Alaska,USA,2026-05-31 23:01:01.783420
793,Darryl,Jenkins,victoriaparker@example.com,Port Anthony,Connecticut,USA,2026-05-31 23:01:01.783420
794,Natasha,Giles,jason66@example.com,Stevenston,Indiana,USA,2026-05-31 23:01:01.783420
795,John,Chang,johnsoncolleen@example.org,West Mollychester,Maryland,USA,2026-05-31 23:01:01.784443
796,Patrick,Robinson,brianahoward@example.net,Martinezhaven,Virginia,USA,2026-05-31 23:01:01.784443
797,John,Ortiz,jonathan53@example.com,Port Carol,Oklahoma,USA,2026-05-31 23:01:01.784443
798,Jennifer,Rowe,tinasantana@example.com,New Derekview,Tennessee,USA,2026-05-31 23:01:01.784443
799,Andrew,Jimenez,wrightjamie@example.com,New Melanieside,West Virginia,USA,2026-05-31 23:01:01.784443
800,Lisa,Johnson,jasminechavez@example.org,North Patricia,Wyoming,USA,2026-05-31 23:01:01.784443
801,Erin,Williams,thomasross@example.net,New James,Oklahoma,USA,2026-05-31 23:01:01.784443
802,Tony,Pollard,jenkinsaaron@example.com,West Michaelshire,Kansas,USA,2026-05-31 23:01:01.784443
803,Cynthia,Warren,joshua80@example.org,Johntown,Pennsylvania,USA,2026-05-31 23:01:01.784443
804,Grace,Wright,josephrodgers@example.net,North Hector,Georgia,USA,2026-05-31 23:01:01.785418
805,Tamara,Dunn,wheelertara@example.net,North Matthewmouth,Minnesota,USA,2026-05-31 23:01:01.785418
806,James,Parker,vanessaolsen@example.com,East Katherinestad,South Carolina,USA,2026-05-31 23:01:01.785418
807,Timothy,Austin,nmartinez@example.org,West Nancyberg,Montana,USA,2026-05-31 23:01:01.785418
808,Catherine,Garrett,xsosa@example.org,West Amanda,Alabama,USA,2026-05-31 23:01:01.785418
809,Alexandra,Delgado,bsanchez@example.net,West Heather,Missouri,USA,2026-05-31 23:01:01.785418
810,Bryan,Crawford,christinavillanueva@example.net,Taylorville,South Dakota,USA,2026-05-31 23:01:01.785418
811,Shawn,Bailey,jamesmichael@example.com,West Anthony,Oklahoma,USA,2026-05-31 23:01:01.785418
812,Julia,Taylor,matthew36@example.org,Freemanhaven,Missouri,USA,2026-05-31 23:01:01.785418
813,Nicole,Mcpherson,wallercarolyn@example.com,North Emily,Minnesota,USA,2026-05-31 23:01:01.786418
814,Arthur,Brown,lindasmith@example.net,Lake Craig,North Dakota,USA,2026-05-31 23:01:01.786418
815,Dennis,Duncan,emily69@example.com,Williamshire,Rhode Island,USA,2026-05-31 23:01:01.786418
816,Jean,Phillips,gomezamber@example.com,East Patrickhaven,Wyoming,USA,2026-05-31 23:01:01.786418
817,Cameron,Robinson,pamcoleman@example.net,Andersonland,Kentucky,USA,2026-05-31 23:01:01.786418
818,Michael,Johnson,moorejames@example.org,Williammouth,North Dakota,USA,2026-05-31 23:01:01.786418
819,Angelica,Johnson,kathryngarza@example.org,North Samantha,Pennsylvania,USA,2026-05-31 23:01:01.786418
820,Robert,Barry,ryanmarks@example.com,Lake Jeremymouth,Oregon,USA,2026-05-31 23:01:01.786418
821,Kayla,Bryant,christopherpeterson@example.com,Williamsport,Louisiana,USA,2026-05-31 23:01:01.786418
822,Randy,Diaz,kweber@example.com,Port Latashamouth,Alaska,USA,2026-05-31 23:01:01.787430
823,Brian,Jensen,davidhuffman@example.org,Joyceburgh,Vermont,USA,2026-05-31 23:01:01.787430
824,Tammy,Hughes,fbrown@example.net,West Matthew,Hawaii,USA,2026-05-31 23:01:01.787430
825,Andrea,Gilbert,danielsmith@example.org,Lake Jameschester,Arizona,USA,2026-05-31 23:01:01.787430
826,David,Berry,teresalara@example.org,Michaelview,Illinois,USA,2026-05-31 23:01:01.787430
827,Catherine,Johnson,pnguyen@example.com,Port Spencerhaven,Missouri,USA,2026-05-31 23:01:01.787430
828,Brenda,Parker,ryanhernandez@example.com,Edwardshaven,California,USA,2026-05-31 23:01:01.787430
829,Paul,Little,courtneysmith@example.org,Port Melaniechester,California,USA,2026-05-31 23:01:01.787430
830,Anthony,Miller,christopherbishop@example.org,Lake Justin,Pennsylvania,USA,2026-05-31 23:01:01.789366
831,Jill,Walter,tbrown@example.org,Lake Jakeview,Maryland,USA,2026-05-31 23:01:01.789366
832,Daniel,Stark,sanchezandrea@example.org,Singhmouth,Georgia,USA,2026-05-31 23:01:01.789715
833,Dana,Reilly,rothmegan@example.com,North Kaitlyn,Arkansas,USA,2026-05-31 23:01:01.789715
834,Douglas,Myers,ojuarez@example.com,Isaacborough,Pennsylvania,USA,2026-05-31 23:01:01.789715
835,Robert,Jones,pclark@example.org,East Kimberly,Massachusetts,USA,2026-05-31 23:01:01.789715
836,Timothy,Fox,hernandezlori@example.net,West Sharonstad,Illinois,USA,2026-05-31 23:01:01.789715
837,Kathleen,Mejia,esteswendy@example.net,Elizabethside,Mississippi,USA,2026-05-31 23:01:01.789715
838,David,Nichols,robert02@example.net,Dawnbury,Ohio,USA,2026-05-31 23:01:01.789715
839,Gina,Brown,barmstrong@example.com,Michaeltown,Oregon,USA,2026-05-31 23:01:01.789715
840,Kristy,Lewis,tamara92@example.net,West Elizabethview,Iowa,USA,2026-05-31 23:01:01.789715
841,Ronnie,Wu,brendaallen@example.net,South Jamesstad,Connecticut,USA,2026-05-31 23:01:01.789715
842,Darryl,Dougherty,david72@example.net,Langfort,Massachusetts,USA,2026-05-31 23:01:01.789715
843,Anthony,Bryant,cberry@example.com,East Scottburgh,Kentucky,USA,2026-05-31 23:01:01.790863
844,Karen,Hernandez,conleyjacqueline@example.com,Pearsonberg,New Jersey,USA,2026-05-31 23:01:01.790863
845,George,Morris,parksgail@example.com,South Stevenshire,California,USA,2026-05-31 23:01:01.790863
846,Debra,Garrison,robert69@example.net,Campbellland,North Dakota,USA,2026-05-31 23:01:01.790863
847,Brandy,Copeland,csmith@example.net,Port Kelly,Nebraska,USA,2026-05-31 23:01:01.790863
848,Trevor,Jordan,rodriguezalexis@example.com,Brownview,Arizona,USA,2026-05-31 23:01:01.790863
849,Stephen,Flores,evan56@example.com,Grantfurt,North Carolina,USA,2026-05-31 23:01:01.790863
850,Lisa,Yoder,eowens@example.org,Michaelport,Indiana,USA,2026-05-31 23:01:01.790863
851,Brenda,Campos,mark77@example.com,South Brandiburgh,Alaska,USA,2026-05-31 23:01:01.790863
852,Tyler,Stewart,hillmichael@example.org,New Raymondfurt,North Dakota,USA,2026-05-31 23:01:01.791746
853,William,Scott,timothykelly@example.com,North Anita,Nevada,USA,2026-05-31 23:01:01.791746
854,Rodney,Smith,john52@example.org,Carneymouth,Ohio,USA,2026-05-31 23:01:01.791746
855,John,Rhodes,jessica71@example.com,New Anne,Montana,USA,2026-05-31 23:01:01.791746
856,Kim,Charles,brian31@example.org,Odonnellton,Connecticut,USA,2026-05-31 23:01:01.791746
857,Erin,Peterson,mbright@example.org,West Bryanberg,Colorado,USA,2026-05-31 23:01:01.791746
858,Alexandra,Harris,laurachen@example.net,Craigburgh,California,USA,2026-05-31 23:01:01.791746
859,Kenneth,Dickson,reyesadam@example.net,Woodland,South Carolina,USA,2026-05-31 23:01:01.791746
860,Jennifer,Webb,xjenkins@example.org,Port Chadfort,Mississippi,USA,2026-05-31 23:01:01.791746
861,Danielle,Hudson,vrobertson@example.com,North Jackton,Georgia,USA,2026-05-31 23:01:01.792748
862,James,Richards,john08@example.org,Port Monica,Iowa,USA,2026-05-31 23:01:01.792748
863,Tiffany,Moran,kellitaylor@example.org,New Margaretport,Louisiana,USA,2026-05-31 23:01:01.792748
864,Michael,Brown,alisonwheeler@example.net,North Michelle,Wisconsin,USA,2026-05-31 23:01:01.792748
865,Jared,Duffy,nharrison@example.net,Perezmouth,Kentucky,USA,2026-05-31 23:01:01.792748
866,Andrew,Smith,jking@example.com,North David,Minnesota,USA,2026-05-31 23:01:01.792748
867,Lisa,Wells,tnguyen@example.org,West Ericmouth,Texas,USA,2026-05-31 23:01:01.792748
868,Charles,Sawyer,rasmussenyolanda@example.com,Lake Sara,Maine,USA,2026-05-31 23:01:01.792748
869,Jacob,Butler,joel66@example.net,East Jeanette,Indiana,USA,2026-05-31 23:01:01.792748
870,Richard,Villa,brittany21@example.com,Katrinaton,Alaska,USA,2026-05-31 23:01:01.792748
871,Stephanie,Huffman,turnercrystal@example.com,Vargasview,Delaware,USA,2026-05-31 23:01:01.793755
872,Jonathan,Taylor,rmason@example.net,Alexanderland,Wyoming,USA,2026-05-31 23:01:01.793755
873,Katherine,Middleton,waynedeleon@example.org,Esparzachester,Maryland,USA,2026-05-31 23:01:01.793755
874,Kirk,Beltran,michelleskinner@example.net,Port Joshuaburgh,Ohio,USA,2026-05-31 23:01:01.793755
875,Jeremy,Sanchez,landryangela@example.net,Mcbrideberg,New Jersey,USA,2026-05-31 23:01:01.793755
876,Thomas,Malone,lunamiguel@example.net,East Nicolas,Michigan,USA,2026-05-31 23:01:01.793755
877,Jason,Caldwell,vjohnson@example.net,Port Robinton,Nevada,USA,2026-05-31 23:01:01.793755
878,Rebecca,Evans,john16@example.com,Youngshire,South Carolina,USA,2026-05-31 23:01:01.793755
879,Nathaniel,Cervantes,charlespitts@example.net,Christopherburgh,Pennsylvania,USA,2026-05-31 23:01:01.794754
880,Marie,Morris,kimberly63@example.net,Hendersonberg,Massachusetts,USA,2026-05-31 23:01:01.794754
881,Erika,Rodriguez,joneswilliam@example.net,Cordovaborough,Wyoming,USA,2026-05-31 23:01:01.794754
882,Kristy,Jackson,adamsstephen@example.com,Lake Davidshire,California,USA,2026-05-31 23:01:01.794754
883,Ronald,Nichols,careyross@example.net,Cartermouth,Pennsylvania,USA,2026-05-31 23:01:01.794754
884,Michael,Dawson,mary67@example.org,New Kennethport,North Dakota,USA,2026-05-31 23:01:01.794754
885,James,Perez,manuel59@example.com,Port Lauren,Nevada,USA,2026-05-31 23:01:01.794754
886,Danny,Crane,barry11@example.com,Wrightborough,Iowa,USA,2026-05-31 23:01:01.794754
887,Michael,Vasquez,ejohnson@example.com,Rachelview,Texas,USA,2026-05-31 23:01:01.794754
888,Tammy,Jimenez,erikawaters@example.net,Port Wayne,North Carolina,USA,2026-05-31 23:01:01.795754
889,Michelle,Rowe,romeromark@example.org,Jacksonhaven,Iowa,USA,2026-05-31 23:01:01.795754
890,Monica,Obrien,ldudley@example.com,South Tyler,Kentucky,USA,2026-05-31 23:01:01.795754
891,Bianca,Howard,sara80@example.com,North Brianna,Missouri,USA,2026-05-31 23:01:01.795754
892,Courtney,Pope,kristinamiller@example.org,Port Kevin,Mississippi,USA,2026-05-31 23:01:01.795754
893,John,Miller,william12@example.net,Spencestad,Kentucky,USA,2026-05-31 23:01:01.795754
894,Tammy,Miller,kylele@example.org,South Brandonfort,West Virginia,USA,2026-05-31 23:01:01.795754
895,Anthony,Wilson,vgordon@example.org,Julieland,Wyoming,USA,2026-05-31 23:01:01.795754
896,Natalie,Davis,perezkyle@example.com,Brownland,Rhode Island,USA,2026-05-31 23:01:01.795754
897,Sarah,Fisher,lisamoses@example.net,North Adam,New Mexico,USA,2026-05-31 23:01:01.795754
898,Michael,Ross,justinnorman@example.net,New Conniechester,Michigan,USA,2026-05-31 23:01:01.796754
899,Michael,Mcgee,ksalazar@example.org,Abigailborough,Colorado,USA,2026-05-31 23:01:01.796754
900,Phillip,Hardy,stephenhenson@example.com,Lake Nancystad,North Dakota,USA,2026-05-31 23:01:01.796754
901,Charles,Richards,sierra47@example.org,South Andrew,Georgia,USA,2026-05-31 23:01:01.796754
902,Nancy,Moore,johnsoncharlene@example.org,Barnettshire,New York,USA,2026-05-31 23:01:01.796754
903,Matthew,Burns,oknight@example.net,South Jeremyfurt,Idaho,USA,2026-05-31 23:01:01.796754
904,Timothy,Reeves,kelly21@example.net,Gregorybury,Wyoming,USA,2026-05-31 23:01:01.796754
905,Zachary,Brooks,mjackson@example.com,Howardport,Michigan,USA,2026-05-31 23:01:01.796754
906,Nicole,James,bruce29@example.net,Evansburgh,Indiana,USA,2026-05-31 23:01:01.796754
907,Jennifer,Garcia,adam55@example.com,Michaelside,Alaska,USA,2026-05-31 23:01:01.797754
908,Jose,Chavez,michellemartinez@example.org,South Philip,Arizona,USA,2026-05-31 23:01:01.797754
909,Amanda,Martinez,marilyn85@example.net,Port Melaniefurt,Illinois,USA,2026-05-31 23:01:01.797754
910,Michael,Walsh,donna56@example.net,Walshside,Texas,USA,2026-05-31 23:01:01.797754
911,Amy,Ruiz,kathrynwood@example.org,Stevenside,Ohio,USA,2026-05-31 23:01:01.797754
912,Nicholas,Johnson,ayersdaniel@example.com,New Melissatown,Missouri,USA,2026-05-31 23:01:01.797754
913,Amy,Harris,fward@example.com,Port Lynntown,Nebraska,USA,2026-05-31 23:01:01.797754
914,Andrew,Lee,adam57@example.net,Allenbury,Kentucky,USA,2026-05-31 23:01:01.797754
915,Curtis,Haas,robertsjessica@example.com,West Jaclyn,Oregon,USA,2026-05-31 23:01:01.797754
916,Lindsey,King,matthewkeller@example.org,New David,Wisconsin,USA,2026-05-31 23:01:01.797754
917,Claudia,Sanders,tstein@example.org,Jennifershire,Maryland,USA,2026-05-31 23:01:01.798820
918,David,Phelps,dkaufman@example.net,Walshborough,California,USA,2026-05-31 23:01:01.798820
919,Michael,Moody,victoria06@example.com,North Jesseport,Georgia,USA,2026-05-31 23:01:01.798820
920,Danielle,Santana,angelicawilliams@example.org,South Brianland,Nebraska,USA,2026-05-31 23:01:01.798820
921,Joseph,Tucker,victoria34@example.net,Normanfurt,Rhode Island,USA,2026-05-31 23:01:01.798820
922,Kristin,Wang,tiffany06@example.net,Powersfurt,Georgia,USA,2026-05-31 23:01:01.798820
923,Stacy,Harris,janderson@example.com,Danielbury,North Carolina,USA,2026-05-31 23:01:01.798820
924,Barbara,Miller,xjohnson@example.com,East Josephville,Massachusetts,USA,2026-05-31 23:01:01.798820
925,Gabriel,Costa,wfarrell@example.net,Port Scottton,Florida,USA,2026-05-31 23:01:01.798820
926,Stephen,Turner,josephsmith@example.org,Johnport,Oklahoma,USA,2026-05-31 23:01:01.798820
927,Jacob,Schroeder,floresjustin@example.com,North Joanna,Minnesota,USA,2026-05-31 23:01:01.799818
928,Danny,Chang,yhall@example.org,West Jordan,Mississippi,USA,2026-05-31 23:01:01.799818
929,Tyler,Price,cheyenne24@example.com,Josephchester,New Jersey,USA,2026-05-31 23:01:01.799818
930,David,Lucas,jennifer96@example.net,South Michael,Washington,USA,2026-05-31 23:01:01.799818
931,Morgan,Rodgers,craigwilson@example.com,North Daniel,Louisiana,USA,2026-05-31 23:01:01.799818
932,Shelly,Sanchez,nancy47@example.net,Meganberg,Washington,USA,2026-05-31 23:01:01.799818
933,Amber,Jones,ghodge@example.net,Murillofort,Utah,USA,2026-05-31 23:01:01.799818
934,Karen,Rose,lauren40@example.net,Robertton,Texas,USA,2026-05-31 23:01:01.799818
935,Stephanie,May,qbarber@example.org,Coreymouth,Michigan,USA,2026-05-31 23:01:01.799818
936,Barbara,Sharp,djimenez@example.org,Robinsonview,Delaware,USA,2026-05-31 23:01:01.799818
937,Brent,Hatfield,wagnerjason@example.org,New Meganmouth,Kentucky,USA,2026-05-31 23:01:01.800830
938,Julia,Bryant,xcontreras@example.com,North Matthewfurt,Arkansas,USA,2026-05-31 23:01:01.800830
939,Victor,Hernandez,mmartin@example.com,Russellland,Rhode Island,USA,2026-05-31 23:01:01.800830
940,Megan,Boyd,ydavenport@example.org,Angelaport,Utah,USA,2026-05-31 23:01:01.800830
941,William,Park,stephenjames@example.org,Campbellview,Virginia,USA,2026-05-31 23:01:01.800830
942,Andrew,Davis,kimberly80@example.net,New Derekville,Nevada,USA,2026-05-31 23:01:01.800830
943,Jeffrey,Mendez,brooksbrittany@example.org,Robertborough,Wyoming,USA,2026-05-31 23:01:01.800830
944,Nancy,Jones,dwalker@example.com,Port Barbaraport,Arizona,USA,2026-05-31 23:01:01.800830
945,Anna,Hodge,hstout@example.com,Castroville,Connecticut,USA,2026-05-31 23:01:01.800830
946,Richard,Allen,roberto27@example.net,Hannahberg,Minnesota,USA,2026-05-31 23:01:01.800830
947,Paige,Watson,thomasdominique@example.net,South Alejandraberg,Connecticut,USA,2026-05-31 23:01:01.801819
948,Gregory,Jackson,lynnriddle@example.com,Lindseychester,Washington,USA,2026-05-31 23:01:01.801819
949,Linda,Mcdonald,mturner@example.net,Fordmouth,Colorado,USA,2026-05-31 23:01:01.801819
950,Rhonda,Santana,edavidson@example.net,Vanessaview,Alabama,USA,2026-05-31 23:01:01.801819
951,Jaime,Velez,vjohnson@example.net,North Marissaview,Pennsylvania,USA,2026-05-31 23:01:01.801819
952,Garrett,Lam,summer04@example.org,Burtonhaven,Iowa,USA,2026-05-31 23:01:01.801819
953,Pamela,Barrett,gonzalezsandra@example.com,West Patricia,Pennsylvania,USA,2026-05-31 23:01:01.801819
954,Richard,Mccoy,tkelly@example.org,Desireebury,Alaska,USA,2026-05-31 23:01:01.801819
955,John,Rios,jgonzales@example.com,Joshuachester,Arizona,USA,2026-05-31 23:01:01.801819
956,Elizabeth,Jones,alexanderstephanie@example.net,East Sean,North Carolina,USA,2026-05-31 23:01:01.801819
957,Gordon,Black,jessejones@example.com,East Scottstad,Alaska,USA,2026-05-31 23:01:01.802828
958,Nicole,Reyes,christophermorris@example.com,East Andrew,Ohio,USA,2026-05-31 23:01:01.802828
959,Mark,Perez,rmoran@example.net,North Steven,Mississippi,USA,2026-05-31 23:01:01.802828
960,Karla,Ford,irichmond@example.com,Andreachester,Louisiana,USA,2026-05-31 23:01:01.802828
961,Peter,Gonzalez,lisa35@example.net,Cabrerabury,Minnesota,USA,2026-05-31 23:01:01.802828
962,Jill,Mcknight,rchavez@example.net,Millsstad,Louisiana,USA,2026-05-31 23:01:01.802828
963,Megan,Mooney,darrellreyes@example.net,Beverlyton,Connecticut,USA,2026-05-31 23:01:01.802828
964,Steven,Knapp,peggy53@example.net,Brooksshire,Georgia,USA,2026-05-31 23:01:01.802828
965,Jennifer,Barnes,michaelramirez@example.org,Fordton,Idaho,USA,2026-05-31 23:01:01.802828
966,Theodore,Jones,crystalreese@example.com,Taylorside,New York,USA,2026-05-31 23:01:01.803819
967,Teresa,Grant,hoganfrank@example.net,New George,Arizona,USA,2026-05-31 23:01:01.803819
968,Robert,Frazier,olivia66@example.com,South Michellemouth,North Dakota,USA,2026-05-31 23:01:01.803819
969,Donna,Adams,danieldavis@example.net,Johnberg,New Hampshire,USA,2026-05-31 23:01:01.803819
970,Rebecca,Dorsey,qnewton@example.org,New Robertfort,Alabama,USA,2026-05-31 23:01:01.803819
971,Sheila,Henson,christopheryork@example.net,Lopezmouth,Kentucky,USA,2026-05-31 23:01:01.803819
972,Joshua,Mendoza,patrick15@example.com,Lake Jerry,Michigan,USA,2026-05-31 23:01:01.803819
973,Joyce,Bell,rgallegos@example.org,Port Donna,Georgia,USA,2026-05-31 23:01:01.803819
974,Cassandra,Valenzuela,svance@example.com,New Williamport,Michigan,USA,2026-05-31 23:01:01.803819
975,David,Burke,browningashley@example.com,East Frank,Alabama,USA,2026-05-31 23:01:01.803819
976,Robert,Davis,nicholas39@example.com,Medinachester,California,USA,2026-05-31 23:01:01.804825
977,Rebecca,Stone,andrewallen@example.net,New Deborah,Nebraska,USA,2026-05-31 23:01:01.804825
978,Adam,Dunn,wilsonelizabeth@example.org,Nicolefurt,Idaho,USA,2026-05-31 23:01:01.804825
979,Thomas,Rice,flowersjoseph@example.net,New Henry,Maine,USA,2026-05-31 23:01:01.804825
980,Raymond,Carrillo,truiz@example.com,Meganshire,Arizona,USA,2026-05-31 23:01:01.804825
981,James,Callahan,johnsonmatthew@example.org,West Danielle,Maine,USA,2026-05-31 23:01:01.804825
982,Sarah,Moore,tamaramurphy@example.org,North Erictown,New Jersey,USA,2026-05-31 23:01:01.804825
983,Caitlin,Obrien,markmoore@example.com,North Monicamouth,West Virginia,USA,2026-05-31 23:01:01.805750
984,Eric,Arellano,fburton@example.com,Lake Monica,New Mexico,USA,2026-05-31 23:01:01.805750
985,Vicki,Marshall,ebush@example.com,Tracyfort,Wisconsin,USA,2026-05-31 23:01:01.805750
986,Kelsey,Moore,wilsonashley@example.com,Lake Jenniferville,Illinois,USA,2026-05-31 23:01:01.805750
987,Jason,Mclaughlin,lambertpatricia@example.org,Mooreport,Colorado,USA,2026-05-31 23:01:01.805750
988,Lisa,Olson,beasleyamanda@example.org,Lake Davidberg,Connecticut,USA,2026-05-31 23:01:01.805750
989,Matthew,Crosby,richard17@example.com,Wesleyhaven,New Hampshire,USA,2026-05-31 23:01:01.805750
990,Amanda,Blake,marcuscampbell@example.org,Joshuaborough,Connecticut,USA,2026-05-31 23:01:01.805750
991,Jeanne,Pugh,johnalvarez@example.org,North Johnny,Delaware,USA,2026-05-31 23:01:01.805750
992,Cynthia,Dunlap,paul87@example.net,Danielmouth,Kentucky,USA,2026-05-31 23:01:01.805750
993,Ryan,Anderson,piercetamara@example.com,New Daisyton,Mississippi,USA,2026-05-31 23:01:01.805750
994,Jeffery,Cruz,yvonneburton@example.org,Richardton,North Dakota,USA,2026-05-31 23:01:01.805750
995,Timothy,Butler,kconrad@example.org,Houstonberg,Florida,USA,2026-05-31 23:01:01.805750
996,Felicia,Lopez,angela80@example.net,New Davidburgh,Pennsylvania,USA,2026-05-31 23:01:01.807254
997,Juan,Harris,tsmith@example.com,New Steven,Pennsylvania,USA,2026-05-31 23:01:01.807254
998,Vanessa,Williams,christophercarson@example.net,Jeremybury,Minnesota,USA,2026-05-31 23:01:01.807254
999,Cynthia,Adams,daniel42@example.com,Amberland,Oregon,USA,2026-05-31 23:01:01.807254
1000,Jennifer,Chen,parkergregory@example.com,Rogerschester,Oklahoma,USA,2026-05-31 23:01:01.807254
